Unnamed: 0,PROVISIONAL,BUQUE,IMO,FECHA_ETA,HORA_ETA,FECHA_ETD,HORA_ETD,TXTNUMIMO,TXTESLORA,TXTMANGA,TXTVELMAX,TXTCALADO
0,anon_provisional_0,anon_buque_1,anon_imo_0,06/10/2021 00:00:00,01/01/1900 08:00:00,06/11/2021 00:00:00,01/01/1900 18:00:00,anon_imo_0,145.0,22.0,16.5,6.0
1,anon_provisional_2,anon_buque_1,anon_imo_0,06/17/2021 00:00:00,01/01/1900 08:00:00,06/18/2021 00:00:00,01/01/1900 18:00:00,anon_imo_0,145.0,22.0,16.5,6.0
2,anon_provisional_3,anon_buque_1,anon_imo_0,06/24/2021 00:00:00,01/01/1900 08:00:00,06/25/2021 00:00:00,01/01/1900 18:00:00,anon_imo_0,145.0,22.0,16.5,6.0
3,anon_provisional_4,anon_buque_1,anon_imo_0,07/01/2021 00:00:00,01/01/1900 08:00:00,07/02/2021 00:00:00,01/01/1900 18:00:00,anon_imo_0,145.0,22.0,16.5,6.0
4,anon_provisional_5,anon_buque_1,anon_imo_0,07/08/2021 00:00:00,01/01/1900 08:00:00,07/09/2021 00:00:00,01/01/1900 18:00:00,anon_imo_0,145.0,22.0,16.5,6.0
5,anon_provisional_6,anon_buque_1,anon_imo_0,07/15/2021 00:00:00,01/01/1900 08:00:00,07/16/2021 00:00:00,01/01/1900 18:00:00,anon_imo_0,145.0,22.0,16.5,6.0
6,anon_provisional_7,anon_buque_1,anon_imo_0,07/22/2021 00:00:00,01/01/1900 08:00:00,07/23/2021 00:00:00,01/01/1900 18:00:00,anon_imo_0,145.0,22.0,16.5,6.0
7,anon_provisional_8,anon_buque_1,anon_imo_0,07/29/2021 00:00:00,01/01/1900 08:00:00,07/30/2021 00:00:00,01/01/1900 18:00:00,anon_imo_0,145.0,22.0,16.5,6.0
8,anon_provisional_9,anon_buque_1,anon_imo_0,08/05/2021 00:00:00,01/01/1900 08:00:00,08/06/2021 00:00:00,01/01/1900 18:00:00,anon_imo_0,145.0,22.0,16.5,6.0
9,anon_provisional_10,anon_buque_1,anon_imo_0,08/12/2021 00:00:00,01/01/1900 08:00:00,08/13/2021 00:00:00,01/01/1900 18:00:00,anon_imo_0,145.0,22.0,16.5,6.0
10,anon_provisional_11,anon_buque_1,anon_imo_0,08/19/2021 00:00:00,01/01/1900 08:00:00,08/20/2021 00:00:00,01/01/1900 18:00:00,anon_imo_0,145.0,22.0,16.5,6.0
11,anon_provisional_12,anon_buque_1,anon_imo_0,08/26/2021 00:00:00,01/01/1900 08:00:00,08/27/2021 00:00:00,01/01/1900 18:00:00,anon_imo_0,145.0,22.0,16.5,6.0
12,anon_provisional_13,anon_buque_1,anon_imo_0,01/14/2021 00:00:00,01/01/1900 08:00:00,01/15/2021 00:00:00,01/01/1900 18:00:00,anon_imo_0,145.0,22.0,16.5,6.0
13,anon_provisional_14,anon_buque_1,anon_imo_0,01/21/2021 00:00:00,01/01/1900 08:00:00,01/22/2021 00:00:00,01/01/1900 18:00:00,anon_imo_0,145.0,22.0,16.5,6.0
14,anon_provisional_15,anon_buque_1,anon_imo_0,10/21/2021 00:00:00,01/01/1900 08:00:00,10/22/2021 00:00:00,01/01/1900 18:00:00,anon_imo_0,145.0,22.0,16.5,6.0
15,anon_provisional_16,anon_buque_1,anon_imo_0,10/28/2021 00:00:00,01/01/1900 08:00:00,10/29/2021 00:00:00,01/01/1900 18:00:00,anon_imo_0,145.0,22.0,16.5,6.0
16,anon_provisional_17,anon_buque_1,anon_imo_0,11/04/2021 00:00:00,01/01/1900 08:00:00,11/05/2021 00:00:00,01/01/1900 18:00:00,anon_imo_0,145.0,22.0,16.5,6.0
17,anon_provisional_18,anon_buque_1,anon_imo_0,11/11/2021 00:00:00,01/01/1900 08:00:00,11/12/2021 00:00:00,01/01/1900 18:00:00,anon_imo_0,145.0,22.0,16.5,6.0
18,anon_provisional_19,anon_buque_1,anon_imo_0,11/18/2021 00:00:00,01/01/1900 08:00:00,11/19/2021 00:00:00,01/01/1900 18:00:00,anon_imo_0,145.0,22.0,16.5,6.0
19,anon_provisional_20,anon_buque_1,anon_imo_0,11/25/2021 00:00:00,01/01/1900 08:00:00,11/26/2021 00:00:00,01/01/1900 18:00:00,anon_imo_0,145.0,22.0,16.5,6.0
20,anon_provisional_21,anon_buque_1,anon_imo_0,12/02/2021 00:00:00,01/01/1900 08:00:00,12/03/2021 00:00:00,01/01/1900 18:00:00,anon_imo_0,145.0,22.0,16.5,6.0
21,anon_provisional_22,anon_buque_1,anon_imo_0,12/02/2021 00:00:00,01/01/1900 09:00:00,12/03/2021 00:00:00,01/01/1900 18:00:00,anon_imo_0,145.0,22.0,16.5,6.0
22,anon_provisional_23,anon_buque_1,anon_imo_0,12/02/2021 00:00:00,01/01/1900 15:00:00,12/03/2021 00:00:00,01/01/1900 18:00:00,anon_imo_0,145.0,22.0,16.5,6.0
23,anon_provisional_24,anon_buque_1,anon_imo_0,12/09/2021 00:00:00,01/01/1900 15:00:00,12/10/2021 00:00:00,01/01/1900 18:00:00,anon_imo_0,145.0,22.0,16.5,6.0
24,anon_provisional_25,anon_buque_1,anon_imo_0,12/16/2021 00:00:00,01/01/1900 15:00:00,12/17/2021 00:00:00,01/01/1900 18:00:00,anon_imo_0,145.0,22.0,16.5,6.0
25,anon_provisional_26,anon_buque_1,anon_imo_0,12/23/2021 00:00:00,01/01/1900 15:00:00,12/24/2021 00:00:00,01/01/1900 18:00:00,anon_imo_0,145.0,22.0,16.5,6.0
26,anon_provisional_27,anon_buque_1,anon_imo_0,09/02/2021 00:00:00,01/01/1900 08:00:00,09/03/2021 00:00:00,01/01/1900 18:00:00,anon_imo_0,145.0,22.0,16.5,6.0
27,anon_provisional_28,anon_buque_1,anon_imo_0,09/09/2021 00:00:00,01/01/1900 08:00:00,09/10/2021 00:00:00,01/01/1900 18:00:00,anon_imo_0,145.0,22.0,16.5,6.0
28,anon_provisional_29,anon_buque_1,anon_imo_0,09/16/2021 00:00:00,01/01/1900 08:00:00,09/17/2021 00:00:00,01/01/1900 18:00:00,anon_imo_0,145.0,22.0,16.5,6.0
29,anon_provisional_30,anon_buque_1,anon_imo_0,09/23/2021 00:00:00,01/01/1900 08:00:00,09/24/2021 00:00:00,01/01/1900 18:00:00,anon_imo_0,145.0,22.0,16.5,6.0
30,anon_provisional_31,anon_buque_1,anon_imo_0,09/30/2021 00:00:00,01/01/1900 08:00:00,10/01/2021 00:00:00,01/01/1900 18:00:00,anon_imo_0,145.0,22.0,16.5,6.0
31,anon_provisional_32,anon_buque_1,anon_imo_0,10/07/2021 00:00:00,01/01/1900 08:00:00,10/08/2021 00:00:00,01/01/1900 18:00:00,anon_imo_0,145.0,22.0,16.5,6.0
32,anon_provisional_33,anon_buque_1,anon_imo_0,12/30/2021 00:00:00,01/01/1900 15:00:00,12/31/2021 00:00:00,01/01/1900 18:00:00,anon_imo_0,145.0,22.0,16.5,6.0
33,anon_provisional_34,anon_buque_1,anon_imo_0,04/29/2021 00:00:00,01/01/1900 08:00:00,04/30/2021 00:00:00,01/01/1900 18:00:00,anon_imo_0,145.0,22.0,16.5,6.0
34,anon_provisional_35,anon_buque_1,anon_imo_0,05/06/2021 00:00:00,01/01/1900 08:00:00,05/07/2021 00:00:00,01/01/1900 18:00:00,anon_imo_0,145.0,22.0,16.5,6.0
35,anon_provisional_36,anon_buque_1,anon_imo_0,05/13/2021 00:00:00,01/01/1900 08:00:00,05/14/2021 00:00:00,01/01/1900 18:00:00,anon_imo_0,145.0,22.0,16.5,6.0
36,anon_provisional_37,anon_buque_1,anon_imo_0,05/20/2021 00:00:00,01/01/1900 08:00:00,05/21/2021 00:00:00,01/01/1900 18:00:00,anon_imo_0,145.0,22.0,16.5,6.0
37,anon_provisional_38,anon_buque_1,anon_imo_0,05/27/2021 00:00:00,01/01/1900 08:00:00,05/28/2021 00:00:00,01/01/1900 18:00:00,anon_imo_0,145.0,22.0,16.5,6.0
38,anon_provisional_39,anon_buque_1,anon_imo_0,06/03/2021 00:00:00,01/01/1900 08:00:00,06/04/2021 00:00:00,01/01/1900 18:00:00,anon_imo_0,145.0,22.0,16.5,6.0
39,anon_provisional_40,anon_buque_1,anon_imo_0,03/25/2021 00:00:00,01/01/1900 08:00:00,03/26/2021 00:00:00,01/01/1900 18:00:00,anon_imo_0,145.0,22.0,16.5,6.0
40,anon_provisional_41,anon_buque_1,anon_imo_0,04/01/2021 00:00:00,01/01/1900 08:00:00,04/02/2021 00:00:00,01/01/1900 18:00:00,anon_imo_0,145.0,22.0,16.5,6.0
41,anon_provisional_42,anon_buque_1,anon_imo_0,04/08/2021 00:00:00,01/01/1900 08:00:00,04/09/2021 00:00:00,01/01/1900 18:00:00,anon_imo_0,145.0,22.0,16.5,6.0
42,anon_provisional_43,anon_buque_1,anon_imo_0,04/15/2021 00:00:00,01/01/1900 08:00:00,04/16/2021 00:00:00,01/01/1900 18:00:00,anon_imo_0,145.0,22.0,16.5,6.0
43,anon_provisional_44,anon_buque_1,anon_imo_0,01/28/2021 00:00:00,01/01/1900 08:00:00,01/29/2021 00:00:00,01/01/1900 18:00:00,anon_imo_0,145.0,22.0,16.5,6.0
44,anon_provisional_45,anon_buque_1,anon_imo_0,02/04/2021 00:00:00,01/01/1900 08:00:00,02/05/2021 00:00:00,01/01/1900 18:00:00,anon_imo_0,145.0,22.0,16.5,6.0
45,anon_provisional_46,anon_buque_1,anon_imo_0,02/11/2021 00:00:00,01/01/1900 08:00:00,02/12/2021 00:00:00,01/01/1900 18:00:00,anon_imo_0,145.0,22.0,16.5,6.0
46,anon_provisional_47,anon_buque_1,anon_imo_0,02/18/2021 00:00:00,01/01/1900 08:00:00,02/19/2021 00:00:00,01/01/1900 18:00:00,anon_imo_0,145.0,22.0,16.5,6.0
47,anon_provisional_48,anon_buque_1,anon_imo_0,02/25/2021 00:00:00,01/01/1900 20:00:00,02/26/2021 00:00:00,01/01/1900 18:00:00,anon_imo_0,145.0,22.0,16.5,6.0
48,anon_provisional_49,anon_buque_1,anon_imo_0,03/04/2021 00:00:00,01/01/1900 08:00:00,03/05/2021 00:00:00,01/01/1900 18:00:00,anon_imo_0,145.0,22.0,16.5,6.0
49,anon_provisional_50,anon_buque_1,anon_imo_0,03/11/2021 00:00:00,01/01/1900 08:00:00,03/12/2021 00:00:00,01/01/1900 18:00:00,anon_imo_0,145.0,22.0,16.5,6.0
50,anon_provisional_51,anon_buque_52,anon_imo_1,06/27/2021 00:00:00,01/01/1900 14:00:00,06/29/2021 00:00:00,01/01/1900 18:00:00,anon_imo_1,145.0,22.0,16.5,6.3
51,anon_provisional_53,anon_buque_52,anon_imo_1,07/11/2021 00:00:00,01/01/1900 14:00:00,07/13/2021 00:00:00,01/01/1900 18:00:00,anon_imo_1,145.0,22.0,16.5,6.3
52,anon_provisional_54,anon_buque_52,anon_imo_1,07/18/2021 00:00:00,01/01/1900 14:00:00,07/20/2021 00:00:00,01/01/1900 18:00:00,anon_imo_1,145.0,22.0,16.5,6.3
53,anon_provisional_55,anon_buque_52,anon_imo_1,08/08/2021 00:00:00,01/01/1900 14:00:00,08/10/2021 00:00:00,01/01/1900 18:00:00,anon_imo_1,145.0,22.0,16.5,6.3
54,anon_provisional_56,anon_buque_52,anon_imo_1,01/07/2021 00:00:00,01/01/1900 06:00:00,01/12/2021 00:00:00,01/01/1900 18:00:00,anon_imo_1,145.0,22.0,16.5,6.3
55,anon_provisional_57,anon_buque_52,anon_imo_1,01/07/2021 00:00:00,01/01/1900 06:00:00,01/12/2021 00:00:00,01/01/1900 18:00:00,anon_imo_1,145.0,22.0,16.5,6.3
56,anon_provisional_58,anon_buque_52,anon_imo_1,01/17/2021 00:00:00,01/01/1900 06:00:00,01/19/2021 00:00:00,01/01/1900 18:00:00,anon_imo_1,145.0,22.0,16.5,6.3
57,anon_provisional_59,anon_buque_52,anon_imo_1,01/25/2021 00:00:00,01/01/1900 12:00:00,01/26/2021 00:00:00,01/01/1900 18:00:00,anon_imo_1,145.0,22.0,16.5,6.3
58,anon_provisional_60,anon_buque_52,anon_imo_1,11/21/2021 00:00:00,01/01/1900 14:00:00,11/23/2021 00:00:00,01/01/1900 18:00:00,anon_imo_1,145.0,22.0,16.5,6.3
59,anon_provisional_61,anon_buque_52,anon_imo_1,11/28/2021 00:00:00,01/01/1900 14:00:00,11/30/2021 00:00:00,01/01/1900 18:00:00,anon_imo_1,145.0,22.0,16.5,6.3
60,anon_provisional_62,anon_buque_52,anon_imo_1,12/26/2021 00:00:00,01/01/1900 15:00:00,12/28/2021 00:00:00,01/01/1900 18:00:00,anon_imo_1,145.0,22.0,16.5,6.3
61,anon_provisional_63,anon_buque_52,anon_imo_1,09/05/2021 00:00:00,01/01/1900 14:00:00,09/07/2021 00:00:00,01/01/1900 18:00:00,anon_imo_1,145.0,22.0,16.5,6.3
62,anon_provisional_64,anon_buque_52,anon_imo_1,09/12/2021 00:00:00,01/01/1900 14:00:00,09/14/2021 00:00:00,01/01/1900 18:00:00,anon_imo_1,145.0,22.0,16.5,6.3
63,anon_provisional_65,anon_buque_52,anon_imo_1,05/09/2021 00:00:00,01/01/1900 14:00:00,05/11/2021 00:00:00,01/01/1900 18:00:00,anon_imo_1,145.0,22.0,16.5,6.3
64,anon_provisional_66,anon_buque_52,anon_imo_1,05/23/2021 00:00:00,01/01/1900 14:00:00,05/25/2021 00:00:00,01/01/1900 18:00:00,anon_imo_1,145.0,22.0,16.5,6.3
65,anon_provisional_67,anon_buque_52,anon_imo_1,03/21/2021 00:00:00,01/01/1900 14:00:00,03/23/2021 00:00:00,01/01/1900 18:00:00,anon_imo_1,145.0,22.0,16.5,6.3
66,anon_provisional_68,anon_buque_52,anon_imo_1,04/25/2021 00:00:00,01/01/1900 14:00:00,04/27/2021 00:00:00,01/01/1900 18:00:00,anon_imo_1,145.0,22.0,16.5,6.3
67,anon_provisional_69,anon_buque_52,anon_imo_1,01/31/2021 00:00:00,01/01/1900 14:00:00,02/02/2021 00:00:00,01/01/1900 18:00:00,anon_imo_1,145.0,22.0,16.5,6.3
68,anon_provisional_70,anon_buque_52,anon_imo_1,02/14/2021 00:00:00,01/01/1900 14:00:00,02/16/2021 00:00:00,01/01/1900 18:00:00,anon_imo_1,145.0,22.0,16.5,6.3
69,anon_provisional_71,anon_buque_52,anon_imo_1,02/21/2021 00:00:00,01/01/1900 14:00:00,03/09/2021 00:00:00,01/01/1900 18:00:00,anon_imo_1,145.0,22.0,16.5,6.3
70,anon_provisional_72,anon_buque_52,anon_imo_1,03/14/2021 00:00:00,01/01/1900 14:00:00,03/16/2021 00:00:00,01/01/1900 18:00:00,anon_imo_1,145.0,22.0,16.5,6.3
71,anon_provisional_73,anon_buque_74,anon_imo_2,11/05/2021 00:00:00,01/01/1900 02:00:00,11/06/2021 00:00:00,01/01/1900 05:30:00,anon_imo_2,140.64,22.0,,7.36
72,anon_provisional_75,anon_buque_74,anon_imo_2,11/11/2021 00:00:00,01/01/1900 21:00:00,11/12/2021 00:00:00,01/01/1900 23:30:00,anon_imo_2,140.64,22.0,,7.36
73,anon_provisional_76,anon_buque_74,anon_imo_2,11/19/2021 00:00:00,01/01/1900 06:00:00,11/19/2021 00:00:00,01/01/1900 23:30:00,anon_imo_2,140.64,22.0,,7.36
74,anon_provisional_77,anon_buque_74,anon_imo_2,11/26/2021 00:00:00,01/01/1900 08:00:00,11/26/2021 00:00:00,01/01/1900 23:30:00,anon_imo_2,140.64,22.0,,7.36
78,anon_provisional_78,anon_buque_74,anon_imo_2,07/09/2021 00:00:00,01/01/1900 08:00:00,07/10/2021 00:00:00,01/01/1900 08:00:00,anon_imo_2,140.64,22.0,,7.36
79,anon_provisional_79,anon_buque_74,anon_imo_2,07/16/2021 00:00:00,01/01/1900 07:00:00,07/16/2021 00:00:00,01/01/1900 23:00:00,anon_imo_2,140.64,22.0,,7.36
80,anon_provisional_80,anon_buque_74,anon_imo_2,07/23/2021 00:00:00,01/01/1900 08:00:00,07/24/2021 00:00:00,01/01/1900 06:00:00,anon_imo_2,140.64,22.0,,7.36
81,anon_provisional_81,anon_buque_74,anon_imo_2,07/30/2021 00:00:00,01/01/1900 07:00:00,07/30/2021 00:00:00,01/01/1900 23:00:00,anon_imo_2,140.64,22.0,,7.36
82,anon_provisional_82,anon_buque_74,anon_imo_2,09/17/2021 00:00:00,01/01/1900 08:00:00,09/18/2021 00:00:00,01/01/1900 04:00:00,anon_imo_2,140.64,22.0,,7.36
83,anon_provisional_83,anon_buque_74,anon_imo_2,09/24/2021 00:00:00,01/01/1900 07:00:00,09/25/2021 00:00:00,01/01/1900 08:00:00,anon_imo_2,140.64,22.0,,7.36
84,anon_provisional_84,anon_buque_74,anon_imo_2,10/01/2021 00:00:00,01/01/1900 08:00:00,10/02/2021 00:00:00,01/01/1900 02:30:00,anon_imo_2,140.64,22.0,,7.36
85,anon_provisional_85,anon_buque_74,anon_imo_2,10/08/2021 00:00:00,01/01/1900 07:00:00,10/09/2021 00:00:00,01/01/1900 07:30:00,anon_imo_2,140.64,22.0,,7.36
86,anon_provisional_86,anon_buque_74,anon_imo_2,10/15/2021 00:00:00,01/01/1900 08:00:00,10/16/2021 00:00:00,01/01/1900 04:30:00,anon_imo_2,140.64,22.0,,7.36
87,anon_provisional_87,anon_buque_74,anon_imo_2,10/22/2021 00:00:00,01/01/1900 02:00:00,10/23/2021 00:00:00,01/01/1900 07:00:00,anon_imo_2,140.64,22.0,,7.36
88,anon_provisional_88,anon_buque_74,anon_imo_2,10/29/2021 00:00:00,01/01/1900 08:00:00,10/30/2021 00:00:00,01/01/1900 00:30:00,anon_imo_2,140.64,22.0,,7.36
91,anon_provisional_89,anon_buque_74,anon_imo_2,08/06/2021 00:00:00,01/01/1900 08:00:00,08/07/2021 00:00:00,01/01/1900 07:00:00,anon_imo_2,140.64,22.0,,7.36
92,anon_provisional_90,anon_buque_74,anon_imo_2,08/13/2021 00:00:00,01/01/1900 07:00:00,08/14/2021 00:00:00,01/01/1900 09:00:00,anon_imo_2,140.64,22.0,,7.36
93,anon_provisional_91,anon_buque_74,anon_imo_2,08/20/2021 00:00:00,01/01/1900 08:00:00,08/21/2021 00:00:00,01/01/1900 05:00:00,anon_imo_2,140.64,22.0,,7.36
94,anon_provisional_92,anon_buque_74,anon_imo_2,08/27/2021 00:00:00,01/01/1900 07:00:00,08/27/2021 00:00:00,01/01/1900 23:30:00,anon_imo_2,140.64,22.0,,7.36
95,anon_provisional_93,anon_buque_74,anon_imo_2,09/03/2021 00:00:00,01/01/1900 08:00:00,09/04/2021 00:00:00,01/01/1900 06:00:00,anon_imo_2,140.64,22.0,,7.36
96,anon_provisional_94,anon_buque_74,anon_imo_2,09/10/2021 00:00:00,01/01/1900 07:00:00,09/11/2021 00:00:00,01/01/1900 08:30:00,anon_imo_2,140.64,22.0,,7.36
97,anon_provisional_95,anon_buque_74,anon_imo_2,06/03/2021 00:00:00,01/01/1900 23:30:00,06/05/2021 00:00:00,01/01/1900 04:00:00,anon_imo_2,140.64,22.0,,7.36
98,anon_provisional_96,anon_buque_74,anon_imo_2,06/18/2021 00:00:00,01/01/1900 00:30:00,06/19/2021 00:00:00,01/01/1900 02:00:00,anon_imo_2,140.64,22.0,,7.36
99,anon_provisional_97,anon_buque_74,anon_imo_2,06/25/2021 00:00:00,01/01/1900 00:30:00,06/26/2021 00:00:00,01/01/1900 08:00:00,anon_imo_2,140.64,22.0,,7.36
100,anon_provisional_98,anon_buque_74,anon_imo_2,04/30/2021 00:00:00,01/01/1900 01:30:00,04/30/2021 00:00:00,01/01/1900 22:30:00,anon_imo_2,140.64,22.0,,7.36
101,anon_provisional_99,anon_buque_74,anon_imo_2,05/07/2021 00:00:00,01/01/1900 00:30:00,05/08/2021 00:00:00,01/01/1900 05:00:00,anon_imo_2,140.64,22.0,,7.36
102,anon_provisional_100,anon_buque_74,anon_imo_2,05/14/2021 00:00:00,01/01/1900 01:30:00,05/14/2021 00:00:00,01/01/1900 21:30:00,anon_imo_2,140.64,22.0,,7.36
103,anon_provisional_101,anon_buque_74,anon_imo_2,05/21/2021 00:00:00,01/01/1900 00:30:00,05/22/2021 00:00:00,01/01/1900 01:30:00,anon_imo_2,140.64,22.0,,7.36
104,anon_provisional_102,anon_buque_74,anon_imo_2,05/28/2021 00:00:00,01/01/1900 14:30:00,05/29/2021 00:00:00,01/01/1900 09:00:00,anon_imo_2,140.64,22.0,,7.36
105,anon_provisional_103,anon_buque_74,anon_imo_2,03/26/2021 00:00:00,01/01/1900 03:30:00,03/27/2021 00:00:00,01/01/1900 05:00:00,anon_imo_2,140.64,22.0,,7.36
106,anon_provisional_104,anon_buque_74,anon_imo_2,04/09/2021 00:00:00,01/01/1900 00:30:00,04/10/2021 00:00:00,01/01/1900 05:00:00,anon_imo_2,140.64,22.0,,7.36
107,anon_provisional_105,anon_buque_74,anon_imo_2,04/16/2021 00:00:00,01/01/1900 00:30:00,04/16/2021 00:00:00,01/01/1900 22:30:00,anon_imo_2,140.64,22.0,,7.36
108,anon_provisional_106,anon_buque_74,anon_imo_2,04/23/2021 00:00:00,01/01/1900 00:30:00,04/24/2021 00:00:00,01/01/1900 03:30:00,anon_imo_2,140.64,22.0,,7.36
109,anon_provisional_107,anon_buque_74,anon_imo_2,02/26/2021 00:00:00,01/01/1900 00:01:00,02/27/2021 00:00:00,01/01/1900 05:00:00,anon_imo_2,140.64,22.0,,7.36
110,anon_provisional_108,anon_buque_74,anon_imo_2,03/05/2021 00:00:00,01/01/1900 00:01:00,03/05/2021 00:00:00,01/01/1900 23:30:00,anon_imo_2,140.64,22.0,,7.36
111,anon_provisional_109,anon_buque_74,anon_imo_2,03/12/2021 00:00:00,01/01/1900 08:00:00,03/13/2021 00:00:00,01/01/1900 06:00:00,anon_imo_2,140.64,22.0,,7.36
112,anon_provisional_110,anon_buque_74,anon_imo_2,03/19/2021 00:00:00,01/01/1900 03:30:00,03/19/2021 00:00:00,01/01/1900 22:30:00,anon_imo_2,140.64,22.0,,7.36
113,anon_provisional_111,anon_buque_112,anon_imo_3,11/10/2021 00:00:00,01/01/1900 04:00:00,11/10/2021 00:00:00,01/01/1900 22:00:00,anon_imo_3,137500.0,21300.0,0.0,7466.0
114,anon_provisional_113,anon_buque_112,anon_imo_3,11/17/2021 00:00:00,01/01/1900 02:00:00,11/17/2021 00:00:00,01/01/1900 17:00:00,anon_imo_3,137500.0,21300.0,0.0,7466.0
115,anon_provisional_114,anon_buque_112,anon_imo_3,06/30/2021 00:00:00,01/01/1900 02:00:00,07/01/2021 00:00:00,01/01/1900 00:30:00,anon_imo_3,137500.0,21300.0,0.0,7466.0
116,anon_provisional_115,anon_buque_112,anon_imo_3,07/07/2021 00:00:00,01/01/1900 02:00:00,07/08/2021 00:00:00,01/01/1900 06:30:00,anon_imo_3,137500.0,21300.0,0.0,7466.0
117,anon_provisional_116,anon_buque_112,anon_imo_3,07/14/2021 00:00:00,01/01/1900 02:00:00,07/14/2021 00:00:00,01/01/1900 23:00:00,anon_imo_3,137500.0,21300.0,0.0,7466.0
118,anon_provisional_117,anon_buque_112,anon_imo_3,09/22/2021 00:00:00,01/01/1900 02:00:00,09/22/2021 00:00:00,01/01/1900 21:00:00,anon_imo_3,137500.0,21300.0,0.0,7466.0
119,anon_provisional_118,anon_buque_112,anon_imo_3,09/29/2021 00:00:00,01/01/1900 06:00:00,09/30/2021 00:00:00,01/01/1900 00:30:00,anon_imo_3,137500.0,21300.0,0.0,7466.0
120,anon_provisional_119,anon_buque_112,anon_imo_3,10/06/2021 00:00:00,01/01/1900 02:00:00,10/06/2021 00:00:00,01/01/1900 20:00:00,anon_imo_3,137500.0,21300.0,0.0,7466.0
121,anon_provisional_120,anon_buque_112,anon_imo_3,10/13/2021 00:00:00,01/01/1900 06:00:00,10/14/2021 00:00:00,01/01/1900 01:47:00,anon_imo_3,137500.0,21300.0,0.0,7466.0
122,anon_provisional_121,anon_buque_112,anon_imo_3,10/20/2021 00:00:00,01/01/1900 02:00:00,10/21/2021 00:00:00,01/01/1900 06:00:00,anon_imo_3,137500.0,21300.0,0.0,7466.0
123,anon_provisional_122,anon_buque_112,anon_imo_3,10/26/2021 00:00:00,01/01/1900 18:00:00,10/27/2021 00:00:00,01/01/1900 22:00:00,anon_imo_3,137500.0,21300.0,0.0,7466.0
124,anon_provisional_123,anon_buque_112,anon_imo_3,11/03/2021 00:00:00,01/01/1900 02:00:00,11/04/2021 00:00:00,01/01/1900 04:00:00,anon_imo_3,137500.0,21300.0,0.0,7466.0
126,anon_provisional_124,anon_buque_112,anon_imo_3,06/02/2021 00:00:00,01/01/1900 08:00:00,06/03/2021 00:00:00,01/01/1900 00:01:00,anon_imo_3,137500.0,21300.0,0.0,7466.0
127,anon_provisional_125,anon_buque_112,anon_imo_3,06/09/2021 00:00:00,01/01/1900 02:00:00,06/09/2021 00:00:00,01/01/1900 19:00:00,anon_imo_3,137500.0,21300.0,0.0,7466.0
128,anon_provisional_126,anon_buque_112,anon_imo_3,06/15/2021 00:00:00,01/01/1900 20:00:00,06/16/2021 00:00:00,01/01/1900 23:00:00,anon_imo_3,137500.0,21300.0,0.0,7466.0
129,anon_provisional_127,anon_buque_112,anon_imo_3,06/23/2021 00:00:00,01/01/1900 02:00:00,06/24/2021 00:00:00,01/01/1900 05:00:00,anon_imo_3,137500.0,21300.0,0.0,7466.0
130,anon_provisional_128,anon_buque_112,anon_imo_3,05/08/2021 00:00:00,01/01/1900 16:00:00,05/10/2021 00:00:00,01/01/1900 19:00:00,anon_imo_3,137500.0,21300.0,0.0,7466.0
131,anon_provisional_129,anon_buque_112,anon_imo_3,04/24/2021 00:00:00,01/01/1900 16:00:00,04/26/2021 00:00:00,01/01/1900 19:30:00,anon_imo_3,137500.0,21300.0,0.0,7466.0
132,anon_provisional_130,anon_buque_112,anon_imo_3,03/28/2021 00:00:00,01/01/1900 12:00:00,03/29/2021 00:00:00,01/01/1900 22:00:00,anon_imo_3,137500.0,21300.0,0.0,7466.0
133,anon_provisional_131,anon_buque_112,anon_imo_3,04/10/2021 00:00:00,01/01/1900 12:00:00,04/12/2021 00:00:00,01/01/1900 20:30:00,anon_imo_3,137500.0,21300.0,0.0,7466.0
134,anon_provisional_132,anon_buque_112,anon_imo_3,03/14/2021 00:00:00,01/01/1900 12:00:00,03/15/2021 00:00:00,01/01/1900 22:00:00,anon_imo_3,137500.0,21300.0,0.0,7466.0
135,anon_provisional_133,anon_buque_134,anon_imo_4,11/16/2021 00:00:00,01/01/1900 23:59:00,11/18/2021 00:00:00,01/01/1900 04:00:00,anon_imo_4,137.5,21.3,18.0,7.48
136,anon_provisional_135,anon_buque_136,anon_imo_4,11/24/2021 00:00:00,01/01/1900 08:00:00,11/24/2021 00:00:00,01/01/1900 20:00:00,anon_imo_4,137.5,21.3,18.0,7.48
137,anon_provisional_137,anon_buque_136,anon_imo_4,12/01/2021 00:00:00,01/01/1900 06:00:00,12/02/2021 00:00:00,01/01/1900 02:00:00,anon_imo_4,137.5,21.3,18.0,7.48
138,anon_provisional_138,anon_buque_136,anon_imo_4,12/08/2021 00:00:00,01/01/1900 08:00:00,12/08/2021 00:00:00,01/01/1900 23:00:00,anon_imo_4,137.5,21.3,18.0,7.48
139,anon_provisional_139,anon_buque_136,anon_imo_4,12/15/2021 00:00:00,01/01/1900 06:00:00,12/15/2021 00:00:00,01/01/1900 23:00:00,anon_imo_4,137.5,21.3,18.0,7.48
142,anon_provisional_140,anon_buque_141,anon_imo_5,07/05/2021 00:00:00,01/01/1900 16:00:00,07/06/2021 00:00:00,01/01/1900 23:00:00,anon_imo_5,89.95,14.4,0.0,6.2
143,anon_provisional_142,anon_buque_141,anon_imo_5,11/11/2021 00:00:00,01/01/1900 05:00:00,11/19/2021 00:00:00,01/01/1900 22:00:00,anon_imo_5,89.95,14.4,0.0,6.2
144,anon_provisional_143,anon_buque_141,anon_imo_5,05/07/2021 00:00:00,01/01/1900 09:00:00,05/10/2021 00:00:00,01/01/1900 22:00:00,anon_imo_5,89.95,14.4,0.0,6.2
145,anon_provisional_144,anon_buque_141,anon_imo_5,01/01/2021 00:00:00,01/01/1900 14:00:00,01/06/2021 00:00:00,01/01/1900 21:00:00,anon_imo_5,89.95,14.4,0.0,6.2
146,anon_provisional_145,anon_buque_146,anon_imo_6,07/06/2021 00:00:00,01/01/1900 19:00:00,07/07/2021 00:00:00,01/01/1900 22:00:00,anon_imo_6,89.0,15.0,0.0,6130.0
147,anon_provisional_147,anon_buque_146,anon_imo_6,02/14/2021 00:00:00,01/01/1900 19:00:00,02/17/2021 00:00:00,01/01/1900 18:00:00,anon_imo_6,89.0,15.0,0.0,6130.0
148,anon_provisional_148,anon_buque_149,anon_imo_7,07/15/2021 00:00:00,01/01/1900 07:30:00,07/16/2021 00:00:00,01/01/1900 09:00:00,anon_imo_7,89.0,14.0,0.0,6100.0
149,anon_provisional_150,anon_buque_151,anon_imo_8,07/21/2021 00:00:00,01/01/1900 02:00:00,07/24/2021 00:00:00,01/01/1900 10:00:00,anon_imo_8,108.0,15.0,0.0,5880.0
150,anon_provisional_152,anon_buque_151,anon_imo_8,07/30/2021 00:00:00,01/01/1900 02:00:00,08/03/2021 00:00:00,01/01/1900 14:00:00,anon_imo_8,108.0,15.0,0.0,5880.0
151,anon_provisional_153,anon_buque_151,anon_imo_8,11/03/2021 00:00:00,01/01/1900 11:00:00,11/05/2021 00:00:00,01/01/1900 20:00:00,anon_imo_8,108.0,15.0,0.0,5880.0
152,anon_provisional_154,anon_buque_151,anon_imo_8,10/09/2021 00:00:00,01/01/1900 15:00:00,10/11/2021 00:00:00,01/01/1900 23:30:00,anon_imo_8,108.0,15.0,0.0,5880.0
153,anon_provisional_155,anon_buque_156,anon_imo_9,07/22/2021 00:00:00,01/01/1900 12:00:00,07/24/2021 00:00:00,01/01/1900 21:00:00,anon_imo_9,121.7,16.7,11.5,5.06
154,anon_provisional_157,anon_buque_156,anon_imo_9,01/30/2021 00:00:00,01/01/1900 12:00:00,02/02/2021 00:00:00,01/01/1900 22:00:00,anon_imo_9,121.7,16.7,11.5,5.06
155,anon_provisional_158,anon_buque_159,anon_imo_10,07/27/2021 00:00:00,01/01/1900 06:00:00,07/30/2021 00:00:00,01/01/1900 22:00:00,anon_imo_10,100.0,16.0,0.0,5500.0
156,anon_provisional_160,anon_buque_161,anon_imo_11,07/28/2021 00:00:00,01/01/1900 17:00:00,07/29/2021 00:00:00,01/01/1900 22:00:00,anon_imo_11,99.0,15.0,0.0,6200.0
157,anon_provisional_162,anon_buque_161,anon_imo_11,06/13/2021 00:00:00,01/01/1900 21:00:00,06/15/2021 00:00:00,01/01/1900 22:00:00,anon_imo_11,99.0,15.0,0.0,6200.0
158,anon_provisional_163,anon_buque_164,anon_imo_12,07/29/2021 00:00:00,01/01/1900 18:00:00,08/02/2021 00:00:00,01/01/1900 20:00:00,anon_imo_12,88.48,11.35,10.0,4940.0
159,anon_provisional_165,anon_buque_166,anon_imo_13,10/16/2021 00:00:00,01/01/1900 20:00:00,10/20/2021 00:00:00,01/01/1900 21:00:00,anon_imo_13,87900.0,12600.0,0.0,5300.0
160,anon_provisional_167,anon_buque_166,anon_imo_13,11/20/2021 00:00:00,01/01/1900 20:00:00,11/23/2021 00:00:00,01/01/1900 21:00:00,anon_imo_13,87900.0,12600.0,0.0,5300.0
161,anon_provisional_168,anon_buque_166,anon_imo_13,06/11/2021 00:00:00,01/01/1900 08:00:00,06/15/2021 00:00:00,01/01/1900 17:00:00,anon_imo_13,87900.0,12600.0,0.0,5300.0
162,anon_provisional_169,anon_buque_170,anon_imo_14,10/19/2021 00:00:00,01/01/1900 11:00:00,10/21/2021 00:00:00,01/01/1900 20:00:00,anon_imo_14,115.0,16.0,0.0,5700.0
163,anon_provisional_171,anon_buque_172,anon_imo_15,10/26/2021 00:00:00,01/01/1900 17:00:00,10/28/2021 00:00:00,01/01/1900 20:00:00,anon_imo_15,89.0,13.0,0.0,5678.0
164,anon_provisional_173,anon_buque_174,anon_imo_16,10/27/2021 00:00:00,01/01/1900 08:00:00,10/29/2021 00:00:00,01/01/1900 20:00:00,anon_imo_16,141.0,16.9,,4.73
165,anon_provisional_175,anon_buque_176,anon_imo_17,11/16/2021 00:00:00,01/01/1900 22:00:00,11/18/2021 00:00:00,01/01/1900 20:00:00,anon_imo_17,90.0,15.0,0.0,5640.0
166,anon_provisional_177,anon_buque_176,anon_imo_17,07/28/2021 00:00:00,01/01/1900 04:00:00,07/29/2021 00:00:00,01/01/1900 20:00:00,anon_imo_17,90.0,15.0,0.0,5640.0
167,anon_provisional_178,anon_buque_179,anon_imo_18,12/30/2021 00:00:00,01/01/1900 08:00:00,01/08/2022 00:00:00,01/01/1900 20:00:00,anon_imo_18,141.0,17.0,10.5,5.31
168,anon_provisional_180,anon_buque_179,anon_imo_18,12/30/2021 00:00:00,01/01/1900 08:00:00,01/08/2022 00:00:00,01/01/1900 20:00:00,anon_imo_18,141.0,17.0,10.5,5.31
169,anon_provisional_181,anon_buque_182,anon_imo_19,11/28/2021 00:00:00,01/01/1900 22:00:00,11/29/2021 00:00:00,01/01/1900 23:00:00,anon_imo_19,118.55,15.2,0.0,7.5
172,anon_provisional_183,anon_buque_184,anon_imo_20,12/03/2021 00:00:00,01/01/1900 23:00:00,12/09/2021 00:00:00,01/01/1900 23:00:00,anon_imo_20,89960.0,14580.0,0.0,6400.0
173,anon_provisional_185,anon_buque_186,anon_imo_21,12/07/2021 00:00:00,01/01/1900 02:00:00,12/09/2021 00:00:00,01/01/1900 23:00:00,anon_imo_21,89.0,14.0,0.0,6270.0
174,anon_provisional_187,anon_buque_186,anon_imo_21,08/05/2021 00:00:00,01/01/1900 08:00:00,08/06/2021 00:00:00,01/01/1900 12:00:00,anon_imo_21,89.0,14.0,0.0,6270.0
175,anon_provisional_188,anon_buque_186,anon_imo_21,12/07/2021 00:00:00,01/01/1900 02:00:00,12/09/2021 00:00:00,01/01/1900 23:00:00,anon_imo_21,89.0,14.0,0.0,6270.0
176,anon_provisional_189,anon_buque_190,anon_imo_22,12/10/2021 00:00:00,01/01/1900 20:00:00,12/10/2021 00:00:00,01/01/1900 23:00:00,anon_imo_22,130.0,17.0,0.0,8100.0
177,anon_provisional_191,anon_buque_192,anon_imo_23,12/28/2021 00:00:00,01/01/1900 12:00:00,12/30/2021 00:00:00,01/01/1900 23:00:00,anon_imo_23,89.0,14.0,0.0,5850.0
178,anon_provisional_193,anon_buque_194,anon_imo_24,12/28/2021 00:00:00,01/01/1900 20:00:00,01/04/2022 00:00:00,01/01/1900 22:00:00,anon_imo_24,119.96,15.2,13.0,7032.0
179,anon_provisional_195,anon_buque_194,anon_imo_24,12/28/2021 00:00:00,01/01/1900 20:00:00,01/04/2022 00:00:00,01/01/1900 22:00:00,anon_imo_24,119.96,15.2,13.0,7032.0
180,anon_provisional_196,anon_buque_197,anon_imo_25,12/28/2021 00:00:00,01/01/1900 12:00:00,12/28/2021 00:00:00,01/01/1900 23:00:00,anon_imo_25,89.0,12.0,0.0,4630.0
181,anon_provisional_198,anon_buque_197,anon_imo_25,12/28/2021 00:00:00,01/01/1900 14:00:00,12/29/2021 00:00:00,01/01/1900 23:00:00,anon_imo_25,89.0,12.0,0.0,4630.0
182,anon_provisional_199,anon_buque_197,anon_imo_25,12/28/2021 00:00:00,01/01/1900 14:00:00,12/29/2021 00:00:00,01/01/1900 23:00:00,anon_imo_25,89.0,12.0,0.0,4630.0
184,anon_provisional_200,anon_buque_201,anon_imo_26,08/19/2021 00:00:00,01/01/1900 01:00:00,08/23/2021 00:00:00,01/01/1900 23:00:00,anon_imo_26,106.0,18.0,0.0,6155.0
185,anon_provisional_202,anon_buque_201,anon_imo_26,06/27/2021 00:00:00,01/01/1900 22:30:00,06/29/2021 00:00:00,01/01/1900 19:00:00,anon_imo_26,106.0,18.0,0.0,6155.0
186,anon_provisional_203,anon_buque_204,anon_imo_27,08/24/2021 00:00:00,01/01/1900 18:00:00,08/25/2021 00:00:00,01/01/1900 06:00:00,anon_imo_27,118.0,17.0,14.0,6.4
187,anon_provisional_205,anon_buque_204,anon_imo_27,05/23/2021 00:00:00,01/01/1900 22:00:00,05/24/2021 00:00:00,01/01/1900 22:00:00,anon_imo_27,118.0,17.0,14.0,6.4
188,anon_provisional_206,anon_buque_207,anon_imo_28,08/25/2021 00:00:00,01/01/1900 12:00:00,08/27/2021 00:00:00,01/01/1900 22:00:00,anon_imo_28,88.74,16.7,,6.0
189,anon_provisional_208,anon_buque_209,anon_imo_29,08/26/2021 00:00:00,01/01/1900 23:00:00,08/31/2021 00:00:00,01/01/1900 23:00:00,anon_imo_29,126.1,15.2,0.0,6980.0
190,anon_provisional_210,anon_buque_211,anon_imo_30,08/27/2021 00:00:00,01/01/1900 17:00:00,08/28/2021 00:00:00,01/01/1900 17:00:00,anon_imo_30,106.3,16.0,12.0,5725.0
191,anon_provisional_212,anon_buque_211,anon_imo_30,05/29/2021 00:00:00,01/01/1900 08:00:00,05/30/2021 00:00:00,01/01/1900 10:00:00,anon_imo_30,106.3,16.0,12.0,5725.0
193,anon_provisional_213,anon_buque_211,anon_imo_30,04/01/2021 00:00:00,01/01/1900 14:00:00,04/02/2021 00:00:00,01/01/1900 10:00:00,anon_imo_30,106.3,16.0,12.0,5725.0
194,anon_provisional_214,anon_buque_211,anon_imo_30,07/28/2021 00:00:00,01/01/1900 01:00:00,07/28/2021 00:00:00,01/01/1900 23:00:00,anon_imo_30,106.3,16.0,12.0,5725.0
195,anon_provisional_215,anon_buque_216,anon_imo_31,08/29/2021 00:00:00,01/01/1900 20:00:00,09/02/2021 00:00:00,01/01/1900 22:00:00,anon_imo_31,117.0,17.0,13.0,6390.0
196,anon_provisional_217,anon_buque_216,anon_imo_31,07/01/2021 00:00:00,01/01/1900 11:00:00,07/02/2021 00:00:00,01/01/1900 14:00:00,anon_imo_31,117.0,17.0,13.0,6390.0
197,anon_provisional_218,anon_buque_219,anon_imo_32,08/30/2021 00:00:00,01/01/1900 19:00:00,09/02/2021 00:00:00,01/01/1900 22:00:00,anon_imo_32,106.0,14.0,0.0,6140.0
198,anon_provisional_220,anon_buque_219,anon_imo_32,08/30/2021 00:00:00,01/01/1900 19:00:00,09/02/2021 00:00:00,01/01/1900 22:00:00,anon_imo_32,106.0,14.0,0.0,6140.0
199,anon_provisional_221,anon_buque_222,anon_imo_33,09/01/2021 00:00:00,01/01/1900 15:00:00,09/03/2021 00:00:00,01/01/1900 18:00:00,anon_imo_33,114.2,15.6,10.5,5.29
200,anon_provisional_223,anon_buque_224,anon_imo_34,09/04/2021 00:00:00,01/01/1900 15:00:00,09/07/2021 00:00:00,01/01/1900 22:00:00,anon_imo_34,131.55,18.8,11.5,7.83
201,anon_provisional_225,anon_buque_226,anon_imo_35,09/06/2021 00:00:00,01/01/1900 23:00:00,09/10/2021 00:00:00,01/01/1900 22:00:00,anon_imo_35,116.0,17.0,0.0,7817.0
202,anon_provisional_227,anon_buque_226,anon_imo_35,11/13/2021 00:00:00,01/01/1900 15:00:00,11/16/2021 00:00:00,01/01/1900 22:00:00,anon_imo_35,116.0,17.0,0.0,7817.0
203,anon_provisional_228,anon_buque_226,anon_imo_35,09/06/2021 00:00:00,01/01/1900 23:00:00,09/10/2021 00:00:00,01/01/1900 22:00:00,anon_imo_35,116.0,17.0,0.0,7817.0
204,anon_provisional_229,anon_buque_230,anon_imo_36,09/07/2021 00:00:00,01/01/1900 10:00:00,09/09/2021 00:00:00,01/01/1900 22:00:00,anon_imo_36,89.0,14.0,0.0,6280.0
205,anon_provisional_231,anon_buque_230,anon_imo_36,01/10/2021 00:00:00,01/01/1900 03:00:00,01/12/2021 00:00:00,01/01/1900 23:00:00,anon_imo_36,89.0,14.0,0.0,6280.0
206,anon_provisional_232,anon_buque_230,anon_imo_36,11/04/2021 00:00:00,01/01/1900 07:00:00,11/06/2021 00:00:00,01/01/1900 22:00:00,anon_imo_36,89.0,14.0,0.0,6280.0
207,anon_provisional_233,anon_buque_234,anon_imo_37,09/07/2021 00:00:00,01/01/1900 12:00:00,09/09/2021 00:00:00,01/01/1900 22:00:00,anon_imo_37,87.0,15.0,0.0,6260.0
208,anon_provisional_235,anon_buque_234,anon_imo_37,01/25/2021 00:00:00,01/01/1900 12:00:00,01/30/2021 00:00:00,01/01/1900 17:00:00,anon_imo_37,87.0,15.0,0.0,6260.0
209,anon_provisional_236,anon_buque_234,anon_imo_37,01/25/2021 00:00:00,01/01/1900 12:00:00,01/30/2021 00:00:00,01/01/1900 17:00:00,anon_imo_37,87.0,15.0,0.0,6260.0
210,anon_provisional_237,anon_buque_238,anon_imo_38,09/07/2021 00:00:00,01/01/1900 19:00:00,09/09/2021 00:00:00,01/01/1900 14:00:00,anon_imo_38,86.0,15.0,0.0,6350.0
211,anon_provisional_239,anon_buque_238,anon_imo_38,07/02/2021 00:00:00,01/01/1900 23:00:00,07/12/2021 00:00:00,01/01/1900 20:00:00,anon_imo_38,86.0,15.0,0.0,6350.0
212,anon_provisional_240,anon_buque_241,anon_imo_39,09/08/2021 00:00:00,01/01/1900 16:00:00,09/09/2021 00:00:00,01/01/1900 23:00:00,anon_imo_39,89.0,13.0,0.0,6210.0
213,anon_provisional_242,anon_buque_243,anon_imo_40,09/08/2021 00:00:00,01/01/1900 12:00:00,09/09/2021 00:00:00,01/01/1900 22:00:00,anon_imo_40,85910.0,12400.0,0.0,5300.0
214,anon_provisional_244,anon_buque_245,anon_imo_41,09/12/2021 00:00:00,01/01/1900 23:00:00,09/16/2021 00:00:00,01/01/1900 21:00:00,anon_imo_41,107.0,18.0,0.0,6630.0
215,anon_provisional_246,anon_buque_245,anon_imo_41,01/16/2021 00:00:00,01/01/1900 23:00:00,01/20/2021 00:00:00,01/01/1900 21:00:00,anon_imo_41,107.0,18.0,0.0,6630.0
216,anon_provisional_247,anon_buque_248,anon_imo_42,09/14/2021 00:00:00,01/01/1900 21:00:00,09/17/2021 00:00:00,01/01/1900 21:00:00,anon_imo_42,119.0,15.0,0.0,7050.0
217,anon_provisional_249,anon_buque_248,anon_imo_42,03/14/2021 00:00:00,01/01/1900 14:00:00,03/16/2021 00:00:00,01/01/1900 23:00:00,anon_imo_42,119.0,15.0,0.0,7050.0
218,anon_provisional_250,anon_buque_248,anon_imo_42,05/30/2021 00:00:00,01/01/1900 14:00:00,06/01/2021 00:00:00,01/01/1900 20:00:00,anon_imo_42,119.0,15.0,0.0,7050.0
219,anon_provisional_251,anon_buque_252,anon_imo_43,09/15/2021 00:00:00,01/01/1900 21:00:00,09/17/2021 00:00:00,01/01/1900 22:00:00,anon_imo_43,87.0,15.0,0.0,6260.0
220,anon_provisional_253,anon_buque_252,anon_imo_43,08/19/2021 00:00:00,01/01/1900 08:00:00,08/24/2021 00:00:00,01/01/1900 22:00:00,anon_imo_43,87.0,15.0,0.0,6260.0
221,anon_provisional_254,anon_buque_252,anon_imo_43,11/26/2021 00:00:00,01/01/1900 11:00:00,11/28/2021 00:00:00,01/01/1900 22:00:00,anon_imo_43,87.0,15.0,0.0,6260.0
222,anon_provisional_255,anon_buque_256,anon_imo_44,09/18/2021 00:00:00,01/01/1900 23:00:00,09/22/2021 00:00:00,01/01/1900 21:00:00,anon_imo_44,128.0,16.0,0.0,6800.0
223,anon_provisional_257,anon_buque_258,anon_imo_45,09/19/2021 00:00:00,01/01/1900 06:00:00,09/20/2021 00:00:00,01/01/1900 06:00:00,anon_imo_45,105.5,16.8,12.8,6.29
224,anon_provisional_259,anon_buque_260,anon_imo_46,09/20/2021 00:00:00,01/01/1900 14:00:00,09/22/2021 00:00:00,01/01/1900 22:00:00,anon_imo_46,86.0,15.0,0.0,6350.0
225,anon_provisional_261,anon_buque_262,anon_imo_47,09/24/2021 00:00:00,01/01/1900 14:00:00,09/28/2021 00:00:00,01/01/1900 21:00:00,anon_imo_47,120.0,16.4,13.0,8100.0
226,anon_provisional_263,anon_buque_264,anon_imo_48,09/24/2021 00:00:00,01/01/1900 08:00:00,09/25/2021 00:00:00,01/01/1900 08:00:00,anon_imo_48,119.0,16.0,0.0,6.3
227,anon_provisional_265,anon_buque_266,anon_imo_49,09/27/2021 00:00:00,01/01/1900 16:00:00,10/04/2021 00:00:00,01/01/1900 23:00:00,anon_imo_49,89.95,14.4,11.5,6220.0
228,anon_provisional_267,anon_buque_266,anon_imo_49,09/27/2021 00:00:00,01/01/1900 16:00:00,10/04/2021 00:00:00,01/01/1900 23:00:00,anon_imo_49,89.95,14.4,11.5,6220.0
229,anon_provisional_268,anon_buque_266,anon_imo_49,01/04/2021 00:00:00,01/01/1900 20:00:00,01/08/2021 00:00:00,01/01/1900 20:00:00,anon_imo_49,89.95,14.4,11.5,6220.0
230,anon_provisional_269,anon_buque_266,anon_imo_49,01/05/2021 00:00:00,01/01/1900 20:00:00,01/08/2021 00:00:00,01/01/1900 20:00:00,anon_imo_49,89.95,14.4,11.5,6220.0
232,anon_provisional_270,anon_buque_271,anon_imo_50,09/29/2021 00:00:00,01/01/1900 22:00:00,10/01/2021 00:00:00,01/01/1900 16:00:00,anon_imo_50,119.1,16.9,0.0,6768.0
233,anon_provisional_272,anon_buque_271,anon_imo_50,04/25/2021 00:00:00,01/01/1900 07:00:00,04/26/2021 00:00:00,01/01/1900 11:00:00,anon_imo_50,119.1,16.9,0.0,6768.0
234,anon_provisional_273,anon_buque_271,anon_imo_50,12/28/2021 00:00:00,01/01/1900 12:00:00,12/29/2021 00:00:00,01/01/1900 17:00:00,anon_imo_50,119.1,16.9,0.0,6768.0
235,anon_provisional_274,anon_buque_275,anon_imo_51,09/29/2021 00:00:00,01/01/1900 22:00:00,10/01/2021 00:00:00,01/01/1900 23:00:00,anon_imo_51,89900.0,15200.0,12.0,5640.0
236,anon_provisional_276,anon_buque_277,anon_imo_52,10/03/2021 00:00:00,01/01/1900 08:00:00,10/05/2021 00:00:00,01/01/1900 23:00:00,anon_imo_52,89.8,13.6,10.5,5690.0
237,anon_provisional_278,anon_buque_279,anon_imo_53,10/06/2021 00:00:00,01/01/1900 23:00:00,10/07/2021 00:00:00,01/01/1900 22:00:00,anon_imo_53,139.95,16.82,,4.6
238,anon_provisional_280,anon_buque_281,anon_imo_54,10/07/2021 00:00:00,01/01/1900 08:00:00,10/10/2021 00:00:00,01/01/1900 15:00:00,anon_imo_54,141.0,16.98,,
239,anon_provisional_282,anon_buque_283,anon_imo_55,10/09/2021 00:00:00,01/01/1900 12:00:00,10/10/2021 00:00:00,01/01/1900 12:00:00,anon_imo_55,106.0,16.84,0.0,6.2
240,anon_provisional_284,anon_buque_285,anon_imo_56,08/24/2021 00:00:00,01/01/1900 10:00:00,08/26/2021 00:00:00,01/01/1900 14:00:00,anon_imo_56,90.0,15.0,0.0,5640.0
241,anon_provisional_286,anon_buque_285,anon_imo_56,01/25/2021 00:00:00,01/01/1900 10:00:00,01/27/2021 00:00:00,01/01/1900 20:00:00,anon_imo_56,90.0,15.0,0.0,5640.0
242,anon_provisional_287,anon_buque_285,anon_imo_56,02/25/2021 00:00:00,01/01/1900 20:00:00,03/03/2021 00:00:00,01/01/1900 22:00:00,anon_imo_56,90.0,15.0,0.0,5640.0
243,anon_provisional_288,anon_buque_289,anon_imo_57,08/25/2021 00:00:00,01/01/1900 17:30:00,08/30/2021 00:00:00,01/01/1900 20:00:00,anon_imo_57,88.2,13.3,0.0,5.8
244,anon_provisional_290,anon_buque_289,anon_imo_57,07/08/2021 00:00:00,01/01/1900 22:00:00,07/14/2021 00:00:00,01/01/1900 23:00:00,anon_imo_57,88.2,13.3,0.0,5.8
245,anon_provisional_291,anon_buque_289,anon_imo_57,07/08/2021 00:00:00,01/01/1900 22:00:00,07/14/2021 00:00:00,01/01/1900 23:00:00,anon_imo_57,88.2,13.3,0.0,5.8
246,anon_provisional_292,anon_buque_289,anon_imo_57,07/08/2021 00:00:00,01/01/1900 22:00:00,07/14/2021 00:00:00,01/01/1900 23:00:00,anon_imo_57,88.2,13.3,0.0,5.8
247,anon_provisional_293,anon_buque_294,anon_imo_58,08/28/2021 00:00:00,01/01/1900 22:00:00,08/31/2021 00:00:00,01/01/1900 20:00:00,anon_imo_58,98.94,13.8,12.5,5.74
248,anon_provisional_295,anon_buque_294,anon_imo_58,10/10/2021 00:00:00,01/01/1900 12:00:00,10/14/2021 00:00:00,01/01/1900 20:00:00,anon_imo_58,98.94,13.8,12.5,5.74
249,anon_provisional_296,anon_buque_297,anon_imo_59,09/24/2021 00:00:00,01/01/1900 23:00:00,09/30/2021 00:00:00,01/01/1900 23:00:00,anon_imo_59,89.0,14.0,0.0,6270.0
250,anon_provisional_298,anon_buque_299,anon_imo_60,09/26/2021 00:00:00,01/01/1900 19:00:00,09/29/2021 00:00:00,01/01/1900 20:00:00,anon_imo_60,88.0,12.0,0.0,5420.0
251,anon_provisional_300,anon_buque_299,anon_imo_60,04/12/2021 00:00:00,01/01/1900 14:00:00,04/12/2021 00:00:00,01/01/1900 23:00:00,anon_imo_60,88.0,12.0,0.0,5420.0
252,anon_provisional_301,anon_buque_302,anon_imo_61,10/11/2021 00:00:00,01/01/1900 11:00:00,10/14/2021 00:00:00,01/01/1900 20:00:00,anon_imo_61,86.0,15.0,0.0,6350.0
253,anon_provisional_303,anon_buque_302,anon_imo_61,08/02/2021 00:00:00,01/01/1900 19:00:00,08/04/2021 00:00:00,01/01/1900 20:00:00,anon_imo_61,86.0,15.0,0.0,6350.0
254,anon_provisional_304,anon_buque_305,anon_imo_62,10/10/2021 00:00:00,01/01/1900 04:00:00,10/12/2021 00:00:00,01/01/1900 15:00:00,anon_imo_62,88.24,12.4,0.0,5.13
255,anon_provisional_306,anon_buque_305,anon_imo_62,04/11/2021 00:00:00,01/01/1900 12:00:00,04/12/2021 00:00:00,01/01/1900 23:00:00,anon_imo_62,88.24,12.4,0.0,5.13
256,anon_provisional_307,anon_buque_308,anon_imo_63,10/11/2021 00:00:00,01/01/1900 11:00:00,10/11/2021 00:00:00,01/01/1900 23:00:00,anon_imo_63,108.1,16.0,,7.0
257,anon_provisional_309,anon_buque_310,anon_imo_64,10/11/2021 00:00:00,01/01/1900 08:00:00,10/18/2021 00:00:00,01/01/1900 23:00:00,anon_imo_64,114.0,14.0,0.0,6040.0
258,anon_provisional_311,anon_buque_310,anon_imo_64,10/11/2021 00:00:00,01/01/1900 08:00:00,10/18/2021 00:00:00,01/01/1900 23:00:00,anon_imo_64,114.0,14.0,0.0,6040.0
259,anon_provisional_312,anon_buque_313,anon_imo_65,10/12/2021 00:00:00,01/01/1900 16:00:00,10/15/2021 00:00:00,01/01/1900 19:00:00,anon_imo_65,112.0,17.0,10.5,6900.0
260,anon_provisional_314,anon_buque_315,anon_imo_66,10/18/2021 00:00:00,01/01/1900 03:00:00,10/18/2021 00:00:00,01/01/1900 21:00:00,anon_imo_66,87.0,12.0,0.0,5593.0
261,anon_provisional_316,anon_buque_317,anon_imo_67,10/19/2021 00:00:00,01/01/1900 08:00:00,10/21/2021 00:00:00,01/01/1900 08:00:00,anon_imo_67,89.0,15.0,0.0,5630.0
262,anon_provisional_318,anon_buque_319,anon_imo_68,10/22/2021 00:00:00,01/01/1900 03:00:00,10/22/2021 00:00:00,01/01/1900 22:00:00,anon_imo_68,102.9,15.6,0.0,6230.0
263,anon_provisional_320,anon_buque_321,anon_imo_69,10/22/2021 00:00:00,01/01/1900 08:00:00,10/26/2021 00:00:00,01/01/1900 18:00:00,anon_imo_69,86.0,15.0,0.0,6350.0
264,anon_provisional_322,anon_buque_321,anon_imo_69,02/09/2021 00:00:00,01/01/1900 05:00:00,02/12/2021 00:00:00,01/01/1900 12:00:00,anon_imo_69,86.0,15.0,0.0,6350.0
265,anon_provisional_323,anon_buque_324,anon_imo_70,10/24/2021 00:00:00,01/01/1900 02:00:00,10/25/2021 00:00:00,01/01/1900 06:00:00,anon_imo_70,101.7,18.2,14.0,7.0
266,anon_provisional_325,anon_buque_326,anon_imo_71,10/25/2021 00:00:00,01/01/1900 12:00:00,10/27/2021 00:00:00,01/01/1900 22:00:00,anon_imo_71,86.0,15.0,0.0,6350.0
267,anon_provisional_327,anon_buque_328,anon_imo_72,10/25/2021 00:00:00,01/01/1900 08:00:00,10/26/2021 00:00:00,01/01/1900 08:00:00,anon_imo_72,103.0,16.0,12.0,7000.0
268,anon_provisional_329,anon_buque_328,anon_imo_72,06/15/2021 00:00:00,01/01/1900 22:00:00,06/17/2021 00:00:00,01/01/1900 16:00:00,anon_imo_72,103.0,16.0,12.0,7000.0
269,anon_provisional_330,anon_buque_331,anon_imo_73,10/25/2021 00:00:00,01/01/1900 20:00:00,10/29/2021 00:00:00,01/01/1900 23:00:00,anon_imo_73,136.0,17.0,0.0,6190.0
271,anon_provisional_332,anon_buque_331,anon_imo_73,01/20/2021 00:00:00,01/01/1900 08:00:00,01/25/2021 00:00:00,01/01/1900 22:00:00,anon_imo_73,136.0,17.0,0.0,6190.0
272,anon_provisional_333,anon_buque_331,anon_imo_73,12/29/2021 00:00:00,01/01/1900 06:00:00,01/03/2022 00:00:00,01/01/1900 23:00:00,anon_imo_73,136.0,17.0,0.0,6190.0
273,anon_provisional_334,anon_buque_331,anon_imo_73,10/25/2021 00:00:00,01/01/1900 20:00:00,10/31/2021 00:00:00,01/01/1900 23:00:00,anon_imo_73,136.0,17.0,0.0,6190.0
274,anon_provisional_335,anon_buque_331,anon_imo_73,04/22/2021 00:00:00,01/01/1900 12:00:00,04/29/2021 00:00:00,01/01/1900 23:00:00,anon_imo_73,136.0,17.0,0.0,6190.0
275,anon_provisional_336,anon_buque_331,anon_imo_73,05/28/2021 00:00:00,01/01/1900 19:00:00,06/01/2021 00:00:00,01/01/1900 23:00:00,anon_imo_73,136.0,17.0,0.0,6190.0
276,anon_provisional_337,anon_buque_331,anon_imo_73,05/28/2021 00:00:00,01/01/1900 19:00:00,06/01/2021 00:00:00,01/01/1900 23:00:00,anon_imo_73,136.0,17.0,0.0,6190.0
277,anon_provisional_338,anon_buque_339,anon_imo_74,10/26/2021 00:00:00,01/01/1900 15:00:00,11/03/2021 00:00:00,01/01/1900 23:00:00,anon_imo_74,107.0,18.0,0.0,6630.0
278,anon_provisional_340,anon_buque_339,anon_imo_74,10/26/2021 00:00:00,01/01/1900 23:00:00,10/27/2021 00:00:00,01/01/1900 23:00:00,anon_imo_74,107.0,18.0,0.0,6630.0
279,anon_provisional_341,anon_buque_339,anon_imo_74,10/26/2021 00:00:00,01/01/1900 15:00:00,11/03/2021 00:00:00,01/01/1900 23:00:00,anon_imo_74,107.0,18.0,0.0,6630.0
280,anon_provisional_342,anon_buque_339,anon_imo_74,05/31/2021 00:00:00,01/01/1900 08:00:00,06/02/2021 00:00:00,01/01/1900 23:00:00,anon_imo_74,107.0,18.0,0.0,6630.0
281,anon_provisional_343,anon_buque_344,anon_imo_75,10/31/2021 00:00:00,01/01/1900 16:00:00,11/02/2021 00:00:00,01/01/1900 21:00:00,anon_imo_75,89.0,13.0,0.0,6300.0
282,anon_provisional_345,anon_buque_346,anon_imo_76,11/01/2021 00:00:00,01/01/1900 03:00:00,11/02/2021 00:00:00,01/01/1900 08:00:00,anon_imo_76,105.5,16.8,13.0,6.6
283,anon_provisional_347,anon_buque_346,anon_imo_76,06/15/2021 00:00:00,01/01/1900 17:00:00,06/16/2021 00:00:00,01/01/1900 15:00:00,anon_imo_76,105.5,16.8,13.0,6.6
284,anon_provisional_348,anon_buque_349,anon_imo_77,11/03/2021 00:00:00,01/01/1900 05:00:00,11/03/2021 00:00:00,01/01/1900 16:00:00,anon_imo_77,128.6,20.4,,8.71
285,anon_provisional_350,anon_buque_349,anon_imo_77,05/22/2021 00:00:00,01/01/1900 17:00:00,05/23/2021 00:00:00,01/01/1900 20:00:00,anon_imo_77,128.6,20.4,,8.71
286,anon_provisional_351,anon_buque_352,anon_imo_78,11/03/2021 00:00:00,01/01/1900 17:30:00,11/04/2021 00:00:00,01/01/1900 20:00:00,anon_imo_78,109.0,16.0,0.0,6381.0
287,anon_provisional_353,anon_buque_354,anon_imo_79,11/04/2021 00:00:00,01/01/1900 11:00:00,11/09/2021 00:00:00,01/01/1900 22:00:00,anon_imo_79,131.0,18.0,0.0,6940.0
288,anon_provisional_355,anon_buque_356,anon_imo_80,11/05/2021 00:00:00,01/01/1900 18:00:00,11/10/2021 00:00:00,01/01/1900 14:00:00,anon_imo_80,135.04,20.8,,8.9
289,anon_provisional_357,anon_buque_358,anon_imo_81,11/07/2021 00:00:00,01/01/1900 17:00:00,11/09/2021 00:00:00,01/01/1900 19:00:00,anon_imo_81,86.0,15.0,0.0,6350.0
290,anon_provisional_359,anon_buque_358,anon_imo_81,03/12/2021 00:00:00,01/01/1900 15:00:00,03/13/2021 00:00:00,01/01/1900 19:00:00,anon_imo_81,86.0,15.0,0.0,6350.0
291,anon_provisional_360,anon_buque_361,anon_imo_82,11/08/2021 00:00:00,01/01/1900 20:00:00,11/11/2021 00:00:00,01/01/1900 12:00:00,anon_imo_82,91.12,13.8,12.0,5800.0
292,anon_provisional_362,anon_buque_363,anon_imo_83,11/10/2021 00:00:00,01/01/1900 12:00:00,11/11/2021 00:00:00,01/01/1900 22:00:00,anon_imo_83,139.95,,,4.6
293,anon_provisional_364,anon_buque_365,anon_imo_84,11/12/2021 00:00:00,01/01/1900 20:00:00,11/13/2021 00:00:00,01/01/1900 22:00:00,anon_imo_84,103.0,16.0,0.0,7113.0
294,anon_provisional_366,anon_buque_367,anon_imo_85,11/15/2021 00:00:00,01/01/1900 22:00:00,11/17/2021 00:00:00,01/01/1900 07:00:00,anon_imo_85,119.0,16.0,0.0,6710.0
295,anon_provisional_368,anon_buque_369,anon_imo_86,11/16/2021 00:00:00,01/01/1900 21:00:00,11/18/2021 00:00:00,01/01/1900 22:00:00,anon_imo_86,120.8,17.6,0.0,0.0
296,anon_provisional_370,anon_buque_371,anon_imo_87,11/17/2021 00:00:00,01/01/1900 10:00:00,11/18/2021 00:00:00,01/01/1900 21:00:00,anon_imo_87,87.82,12.9,0.0,5.25
297,anon_provisional_372,anon_buque_371,anon_imo_87,02/09/2021 00:00:00,01/01/1900 06:00:00,02/11/2021 00:00:00,01/01/1900 23:00:00,anon_imo_87,87.82,12.9,0.0,5.25
298,anon_provisional_373,anon_buque_374,anon_imo_88,11/17/2021 00:00:00,01/01/1900 12:00:00,11/18/2021 00:00:00,01/01/1900 20:00:00,anon_imo_88,112.0,17.0,13.0,7358.0
299,anon_provisional_375,anon_buque_374,anon_imo_88,04/05/2021 00:00:00,01/01/1900 11:00:00,04/06/2021 00:00:00,01/01/1900 14:00:00,anon_imo_88,112.0,17.0,13.0,7358.0
300,anon_provisional_376,anon_buque_374,anon_imo_88,06/28/2021 00:00:00,01/01/1900 07:00:00,06/29/2021 00:00:00,01/01/1900 06:00:00,anon_imo_88,112.0,17.0,13.0,7358.0
301,anon_provisional_377,anon_buque_378,anon_imo_89,11/17/2021 00:00:00,01/01/1900 14:00:00,11/22/2021 00:00:00,01/01/1900 22:00:00,anon_imo_89,147.66,21.0,0.0,8.4
302,anon_provisional_379,anon_buque_380,anon_imo_90,11/22/2021 00:00:00,01/01/1900 10:00:00,11/25/2021 00:00:00,01/01/1900 21:00:00,anon_imo_90,126.0,15.0,0.0,6980.0
304,anon_provisional_381,anon_buque_382,anon_imo_91,12/08/2021 00:00:00,01/01/1900 14:00:00,12/14/2021 00:00:00,01/01/1900 22:00:00,anon_imo_91,87.9,12.6,12.5,5.3
305,anon_provisional_383,anon_buque_382,anon_imo_91,05/05/2021 00:00:00,01/01/1900 22:00:00,05/07/2021 00:00:00,01/01/1900 21:00:00,anon_imo_91,87.9,12.6,12.5,5.3
306,anon_provisional_384,anon_buque_382,anon_imo_91,03/24/2021 00:00:00,01/01/1900 15:00:00,03/29/2021 00:00:00,01/01/1900 22:00:00,anon_imo_91,87.9,12.6,12.5,5.3
307,anon_provisional_385,anon_buque_386,anon_imo_92,07/17/2021 00:00:00,01/01/1900 05:00:00,07/18/2021 00:00:00,01/01/1900 20:00:00,anon_imo_92,88.0,13.0,0.0,6630.0
308,anon_provisional_387,anon_buque_388,anon_imo_93,07/31/2021 00:00:00,01/01/1900 21:00:00,08/03/2021 00:00:00,01/01/1900 20:00:00,anon_imo_93,110.0,14.0,0.0,6250.0
309,anon_provisional_389,anon_buque_390,anon_imo_94,08/09/2021 00:00:00,01/01/1900 12:00:00,08/12/2021 00:00:00,01/01/1900 20:00:00,anon_imo_94,89.0,13.0,0.0,6140.0
310,anon_provisional_391,anon_buque_392,anon_imo_95,08/09/2021 00:00:00,01/01/1900 15:00:00,08/11/2021 00:00:00,01/01/1900 20:00:00,anon_imo_95,89.0,15.0,0.0,5641.0
311,anon_provisional_393,anon_buque_394,anon_imo_96,08/09/2021 00:00:00,01/01/1900 04:00:00,08/11/2021 00:00:00,01/01/1900 20:00:00,anon_imo_96,145.0,21.0,0.0,5150.0
312,anon_provisional_395,anon_buque_396,anon_imo_97,08/18/2021 00:00:00,01/01/1900 20:00:00,08/24/2021 00:00:00,01/01/1900 07:00:00,anon_imo_97,89950.0,14400.0,0.0,6220.0
313,anon_provisional_397,anon_buque_396,anon_imo_97,08/18/2021 00:00:00,01/01/1900 20:00:00,08/24/2021 00:00:00,01/01/1900 07:00:00,anon_imo_97,89950.0,14400.0,0.0,6220.0
314,anon_provisional_398,anon_buque_399,anon_imo_98,08/22/2021 00:00:00,01/01/1900 20:00:00,08/26/2021 00:00:00,01/01/1900 08:00:00,anon_imo_98,110.0,14.0,0.0,6090.0
315,anon_provisional_400,anon_buque_399,anon_imo_98,01/23/2021 00:00:00,01/01/1900 20:01:00,01/25/2021 00:00:00,01/01/1900 20:00:00,anon_imo_98,110.0,14.0,0.0,6090.0
316,anon_provisional_401,anon_buque_402,anon_imo_99,01/07/2021 00:00:00,01/01/1900 10:00:00,01/11/2021 00:00:00,01/01/1900 22:00:00,anon_imo_99,89.0,15.0,0.0,5640.0
318,anon_provisional_403,anon_buque_404,anon_imo_100,08/13/2021 00:00:00,01/01/1900 23:00:00,08/18/2021 00:00:00,01/01/1900 20:00:00,anon_imo_100,120.0,17.0,0.0,6200.0
319,anon_provisional_405,anon_buque_406,anon_imo_101,01/09/2021 00:00:00,01/01/1900 08:00:00,01/11/2021 00:00:00,01/01/1900 15:00:00,anon_imo_101,88.0,13.0,0.0,5540.0
320,anon_provisional_407,anon_buque_408,anon_imo_102,01/10/2021 00:00:00,01/01/1900 11:00:00,01/13/2021 00:00:00,01/01/1900 06:00:00,anon_imo_102,119.0,16.0,13.0,6700.0
321,anon_provisional_409,anon_buque_408,anon_imo_102,02/22/2021 00:00:00,01/01/1900 02:00:00,02/23/2021 00:00:00,01/01/1900 23:00:00,anon_imo_102,119.0,16.0,13.0,6700.0
322,anon_provisional_410,anon_buque_408,anon_imo_102,07/30/2021 00:00:00,01/01/1900 09:00:00,07/31/2021 00:00:00,01/01/1900 23:00:00,anon_imo_102,119.0,16.0,13.0,6700.0
323,anon_provisional_411,anon_buque_412,anon_imo_103,01/12/2021 00:00:00,01/01/1900 06:00:00,01/13/2021 00:00:00,01/01/1900 22:00:00,anon_imo_103,119.0,19.0,13.0,8310.0
324,anon_provisional_413,anon_buque_414,anon_imo_103,12/08/2021 00:00:00,01/01/1900 22:00:00,12/10/2021 00:00:00,01/01/1900 15:00:00,anon_imo_103,119.0,19.0,13.0,8310.0
325,anon_provisional_415,anon_buque_414,anon_imo_103,06/12/2021 00:00:00,01/01/1900 18:00:00,06/13/2021 00:00:00,01/01/1900 16:00:00,anon_imo_103,119.0,19.0,13.0,8310.0
326,anon_provisional_416,anon_buque_417,anon_imo_104,01/12/2021 00:00:00,01/01/1900 23:00:00,01/15/2021 00:00:00,01/01/1900 21:00:00,anon_imo_104,105.5,16.8,0.0,6.91
327,anon_provisional_418,anon_buque_419,anon_imo_105,01/12/2021 00:00:00,01/01/1900 08:00:00,01/14/2021 00:00:00,01/01/1900 23:00:00,anon_imo_105,89.0,14.0,0.0,6280.0
329,anon_provisional_420,anon_buque_421,anon_imo_106,01/17/2021 00:00:00,01/01/1900 11:00:00,01/19/2021 00:00:00,01/01/1900 21:00:00,anon_imo_106,111.6,16.8,15.5,5.8
330,anon_provisional_422,anon_buque_423,anon_imo_107,11/23/2021 00:00:00,01/01/1900 16:00:00,11/25/2021 00:00:00,01/01/1900 21:00:00,anon_imo_107,133.0,15.0,0.0,7100.0
331,anon_provisional_424,anon_buque_425,anon_imo_108,11/24/2021 00:00:00,01/01/1900 06:00:00,11/26/2021 00:00:00,01/01/1900 22:00:00,anon_imo_108,104.0,13.0,0.0,6180.0
332,anon_provisional_426,anon_buque_425,anon_imo_108,10/13/2021 00:00:00,01/01/1900 20:00:00,10/18/2021 00:00:00,01/01/1900 17:00:00,anon_imo_108,104.0,13.0,0.0,6180.0
333,anon_provisional_427,anon_buque_425,anon_imo_108,03/05/2021 00:00:00,01/01/1900 08:00:00,03/08/2021 00:00:00,01/01/1900 23:00:00,anon_imo_108,104.0,13.0,0.0,6180.0
334,anon_provisional_428,anon_buque_429,anon_imo_109,11/25/2021 00:00:00,01/01/1900 08:00:00,11/26/2021 00:00:00,01/01/1900 08:00:00,anon_imo_109,115.0,18.8,14.0,7.41
335,anon_provisional_430,anon_buque_429,anon_imo_109,12/30/2021 00:00:00,01/01/1900 11:00:00,12/31/2021 00:00:00,01/01/1900 05:00:00,anon_imo_109,115.0,18.8,14.0,7.41
336,anon_provisional_431,anon_buque_432,anon_imo_110,11/28/2021 00:00:00,01/01/1900 12:00:00,11/29/2021 00:00:00,01/01/1900 08:00:00,anon_imo_110,103.0,16.0,12.5,7000.0
337,anon_provisional_433,anon_buque_432,anon_imo_110,04/25/2021 00:00:00,01/01/1900 05:00:00,04/27/2021 00:00:00,01/01/1900 06:00:00,anon_imo_110,103.0,16.0,12.5,7000.0
338,anon_provisional_434,anon_buque_432,anon_imo_110,07/09/2021 00:00:00,01/01/1900 20:00:00,07/10/2021 00:00:00,01/01/1900 22:00:00,anon_imo_110,103.0,16.0,12.5,7000.0
339,anon_provisional_435,anon_buque_436,anon_imo_111,12/02/2021 00:00:00,01/01/1900 14:00:00,12/03/2021 00:00:00,01/01/1900 17:00:00,anon_imo_111,119.1,16.9,14.5,8.4
340,anon_provisional_437,anon_buque_436,anon_imo_111,04/12/2021 00:00:00,01/01/1900 17:00:00,04/13/2021 00:00:00,01/01/1900 15:00:00,anon_imo_111,119.1,16.9,14.5,8.4
341,anon_provisional_438,anon_buque_436,anon_imo_111,07/20/2021 00:00:00,01/01/1900 12:00:00,07/21/2021 00:00:00,01/01/1900 12:00:00,anon_imo_111,119.1,16.9,14.5,8.4
342,anon_provisional_439,anon_buque_440,anon_imo_112,12/04/2021 00:00:00,01/01/1900 01:30:00,12/04/2021 00:00:00,01/01/1900 23:00:00,anon_imo_112,115.0,18.8,14.5,7.41
343,anon_provisional_441,anon_buque_442,anon_imo_113,12/06/2021 00:00:00,01/01/1900 21:00:00,12/07/2021 00:00:00,01/01/1900 11:00:00,anon_imo_113,99.9,15.5,17.0,6.6
344,anon_provisional_443,anon_buque_444,anon_imo_114,12/07/2021 00:00:00,01/01/1900 03:00:00,12/07/2021 00:00:00,01/01/1900 19:00:00,anon_imo_114,118.14,18.8,12.5,7.36
345,anon_provisional_445,anon_buque_444,anon_imo_114,04/29/2021 00:00:00,01/01/1900 12:00:00,04/30/2021 00:00:00,01/01/1900 12:00:00,anon_imo_114,118.14,18.8,12.5,7.36
346,anon_provisional_446,anon_buque_447,anon_imo_115,12/09/2021 00:00:00,01/01/1900 23:00:00,12/11/2021 00:00:00,01/01/1900 22:00:00,anon_imo_115,139.9,16.7,9.6,4.38
347,anon_provisional_448,anon_buque_449,anon_imo_116,05/06/2021 00:00:00,01/01/1900 08:00:00,05/08/2021 00:00:00,01/01/1900 17:00:00,anon_imo_116,100.0,16.0,0.0,6390.0
348,anon_provisional_450,anon_buque_451,anon_imo_117,05/09/2021 00:00:00,01/01/1900 14:00:00,05/10/2021 00:00:00,01/01/1900 22:00:00,anon_imo_117,95.0,13.0,0.0,6180.0
349,anon_provisional_452,anon_buque_451,anon_imo_117,04/04/2021 00:00:00,01/01/1900 14:00:00,04/05/2021 00:00:00,01/01/1900 22:00:00,anon_imo_117,95.0,13.0,0.0,6180.0
350,anon_provisional_453,anon_buque_451,anon_imo_117,03/20/2021 00:00:00,01/01/1900 07:00:00,03/21/2021 00:00:00,01/01/1900 22:00:00,anon_imo_117,95.0,13.0,0.0,6180.0
351,anon_provisional_454,anon_buque_451,anon_imo_117,03/20/2021 00:00:00,01/01/1900 07:00:00,03/21/2021 00:00:00,01/01/1900 22:00:00,anon_imo_117,95.0,13.0,0.0,6180.0
352,anon_provisional_455,anon_buque_456,anon_imo_118,05/13/2021 00:00:00,01/01/1900 10:00:00,05/14/2021 00:00:00,01/01/1900 23:30:00,anon_imo_118,99.76,15.0,0.0,6161.0
353,anon_provisional_457,anon_buque_456,anon_imo_118,02/16/2021 00:00:00,01/01/1900 18:00:00,02/17/2021 00:00:00,01/01/1900 18:00:00,anon_imo_118,99.76,15.0,0.0,6161.0
354,anon_provisional_458,anon_buque_459,anon_imo_119,05/14/2021 00:00:00,01/01/1900 07:00:00,05/18/2021 00:00:00,01/01/1900 21:00:00,anon_imo_119,89.0,15.0,0.0,5640.0
355,anon_provisional_460,anon_buque_459,anon_imo_119,05/14/2021 00:00:00,01/01/1900 07:00:00,05/18/2021 00:00:00,01/01/1900 21:00:00,anon_imo_119,89.0,15.0,0.0,5640.0
356,anon_provisional_461,anon_buque_459,anon_imo_119,10/30/2021 00:00:00,01/01/1900 12:00:00,11/03/2021 00:00:00,01/01/1900 20:00:00,anon_imo_119,89.0,15.0,0.0,5640.0
357,anon_provisional_462,anon_buque_463,anon_imo_120,05/17/2021 00:00:00,01/01/1900 21:00:00,05/20/2021 00:00:00,01/01/1900 22:00:00,anon_imo_120,116.0,17.2,0.0,7.0
358,anon_provisional_464,anon_buque_465,anon_imo_121,05/18/2021 00:00:00,01/01/1900 10:00:00,05/20/2021 00:00:00,01/01/1900 23:00:00,anon_imo_121,87.0,15.0,0.0,6260.0
359,anon_provisional_466,anon_buque_467,anon_imo_122,05/22/2021 00:00:00,01/01/1900 12:00:00,05/22/2021 00:00:00,01/01/1900 23:00:00,anon_imo_122,107.0,16.0,0.0,6000.0
360,anon_provisional_468,anon_buque_469,anon_imo_123,04/02/2021 00:00:00,01/01/1900 22:00:00,04/05/2021 00:00:00,01/01/1900 23:00:00,anon_imo_123,100.73,16.6,0.0,6.8
361,anon_provisional_470,anon_buque_469,anon_imo_123,05/22/2021 00:00:00,01/01/1900 22:00:00,05/30/2021 00:00:00,01/01/1900 20:00:00,anon_imo_123,100.73,16.6,0.0,6.8
362,anon_provisional_471,anon_buque_472,anon_imo_124,04/05/2021 00:00:00,01/01/1900 08:00:00,04/08/2021 00:00:00,01/01/1900 22:00:00,anon_imo_124,137.8,16.9,,
363,anon_provisional_473,anon_buque_474,anon_imo_125,04/08/2021 00:00:00,01/01/1900 12:00:00,04/09/2021 00:00:00,01/01/1900 21:00:00,anon_imo_125,127.3,16.84,8.3,4.86
364,anon_provisional_475,anon_buque_476,anon_imo_126,04/10/2021 00:00:00,01/01/1900 21:00:00,04/14/2021 00:00:00,01/01/1900 22:00:00,anon_imo_126,89.0,14.0,0.0,5800.0
365,anon_provisional_477,anon_buque_478,anon_imo_127,04/13/2021 00:00:00,01/01/1900 16:00:00,04/14/2021 00:00:00,01/01/1900 17:00:00,anon_imo_127,118.0,18.0,0.0,7360.0
366,anon_provisional_479,anon_buque_478,anon_imo_127,02/07/2021 00:00:00,01/01/1900 21:00:00,02/08/2021 00:00:00,01/01/1900 11:00:00,anon_imo_127,118.0,18.0,0.0,7360.0
367,anon_provisional_480,anon_buque_481,anon_imo_128,04/13/2021 00:00:00,01/01/1900 14:00:00,04/14/2021 00:00:00,01/01/1900 22:00:00,anon_imo_128,89.0,14.0,0.0,6270.0
368,anon_provisional_482,anon_buque_481,anon_imo_128,01/19/2021 00:00:00,01/01/1900 18:00:00,01/21/2021 00:00:00,01/01/1900 23:00:00,anon_imo_128,89.0,14.0,0.0,6270.0
369,anon_provisional_483,anon_buque_484,anon_imo_129,09/19/2021 00:00:00,01/01/1900 12:00:00,09/20/2021 00:00:00,01/01/1900 23:00:00,anon_imo_129,99.6,14.5,0.0,6200.0
370,anon_provisional_485,anon_buque_486,anon_imo_130,11/12/2021 00:00:00,01/01/1900 06:00:00,11/13/2021 00:00:00,01/01/1900 23:00:00,anon_imo_130,87.97,12.8,0.0,5.51
371,anon_provisional_487,anon_buque_488,anon_imo_131,03/05/2021 00:00:00,01/01/1900 20:01:00,03/07/2021 00:00:00,01/01/1900 20:00:00,anon_imo_131,88.6,12.5,10.5,5425.0
372,anon_provisional_489,anon_buque_490,anon_imo_132,03/06/2021 00:00:00,01/01/1900 22:00:00,03/18/2021 00:00:00,01/01/1900 21:00:00,anon_imo_132,84.0,18.0,,6.7
373,anon_provisional_491,anon_buque_492,anon_imo_133,03/14/2021 00:00:00,01/01/1900 08:00:00,03/18/2021 00:00:00,01/01/1900 20:00:00,anon_imo_133,88.0,12.0,0.0,5311.0
374,anon_provisional_493,anon_buque_494,anon_imo_134,03/17/2021 00:00:00,01/01/1900 21:00:00,03/19/2021 00:00:00,01/01/1900 20:00:00,anon_imo_134,106.0,15.0,0.0,6650.0
375,anon_provisional_495,anon_buque_496,anon_imo_135,03/20/2021 00:00:00,01/01/1900 08:00:00,03/27/2021 00:00:00,01/01/1900 05:00:00,anon_imo_135,98.0,14.0,0.0,6.12
376,anon_provisional_497,anon_buque_496,anon_imo_135,03/20/2021 00:00:00,01/01/1900 08:00:00,03/27/2021 00:00:00,01/01/1900 05:00:00,anon_imo_135,98.0,14.0,0.0,6.12
377,anon_provisional_498,anon_buque_499,anon_imo_136,03/23/2021 00:00:00,01/01/1900 23:00:00,03/25/2021 00:00:00,01/01/1900 20:00:00,anon_imo_136,88.0,12.0,10.5,5.47
378,anon_provisional_500,anon_buque_501,anon_imo_137,03/30/2021 00:00:00,01/01/1900 08:00:00,04/02/2021 00:00:00,01/01/1900 20:00:00,anon_imo_137,119.49,14.99,0.0,7.19
379,anon_provisional_502,anon_buque_501,anon_imo_137,01/20/2021 00:00:00,01/01/1900 12:00:00,01/22/2021 00:00:00,01/01/1900 19:00:00,anon_imo_137,119.49,14.99,0.0,7.19
380,anon_provisional_503,anon_buque_504,anon_imo_138,04/03/2021 00:00:00,01/01/1900 08:00:00,04/07/2021 00:00:00,01/01/1900 20:00:00,anon_imo_138,136.0,15.0,0.0,6968.0
381,anon_provisional_505,anon_buque_504,anon_imo_138,01/05/2021 00:00:00,01/01/1900 10:01:00,01/08/2021 00:00:00,01/01/1900 22:00:00,anon_imo_138,136.0,15.0,0.0,6968.0
382,anon_provisional_506,anon_buque_504,anon_imo_138,02/14/2021 00:00:00,01/01/1900 10:00:00,02/17/2021 00:00:00,01/01/1900 21:00:00,anon_imo_138,136.0,15.0,0.0,6968.0
383,anon_provisional_507,anon_buque_508,anon_imo_139,02/24/2021 00:00:00,01/01/1900 18:00:00,02/26/2021 00:00:00,01/01/1900 23:00:00,anon_imo_139,88.0,11.0,0.0,4940.0
384,anon_provisional_509,anon_buque_510,anon_imo_140,10/04/2021 00:00:00,01/01/1900 20:01:00,10/06/2021 00:00:00,01/01/1900 20:00:00,anon_imo_140,108.0,18.0,0.0,6820.0
385,anon_provisional_511,anon_buque_512,anon_imo_141,10/16/2021 00:00:00,01/01/1900 01:00:00,10/19/2021 00:00:00,01/01/1900 12:00:00,anon_imo_141,118.55,15.2,0.0,7.05
386,anon_provisional_513,anon_buque_514,anon_imo_142,10/16/2021 00:00:00,01/01/1900 15:00:00,11/04/2021 00:00:00,01/01/1900 12:00:00,anon_imo_142,109.94,18.2,,6.5
387,anon_provisional_515,anon_buque_514,anon_imo_142,10/16/2021 00:00:00,01/01/1900 15:00:00,11/10/2021 00:00:00,01/01/1900 08:00:00,anon_imo_142,109.94,18.2,,6.5
388,anon_provisional_516,anon_buque_517,anon_imo_143,10/18/2021 00:00:00,01/01/1900 12:00:00,10/19/2021 00:00:00,01/01/1900 21:00:00,anon_imo_143,105.0,15.0,0.0,6112.0
389,anon_provisional_518,anon_buque_519,anon_imo_144,07/11/2021 00:00:00,01/01/1900 15:00:00,07/12/2021 00:00:00,01/01/1900 21:30:00,anon_imo_144,137.5,21.7,21.0,7.47
390,anon_provisional_520,anon_buque_519,anon_imo_144,07/28/2021 00:00:00,01/01/1900 17:00:00,07/29/2021 00:00:00,01/01/1900 08:00:00,anon_imo_144,137.5,21.7,21.0,7.47
391,anon_provisional_521,anon_buque_519,anon_imo_144,05/30/2021 00:00:00,01/01/1900 14:00:00,05/31/2021 00:00:00,01/01/1900 23:00:00,anon_imo_144,137.5,21.7,21.0,7.47
392,anon_provisional_522,anon_buque_519,anon_imo_144,06/06/2021 00:00:00,01/01/1900 14:00:00,06/08/2021 00:00:00,01/01/1900 06:00:00,anon_imo_144,137.5,21.7,21.0,7.47
393,anon_provisional_523,anon_buque_519,anon_imo_144,06/20/2021 00:00:00,01/01/1900 14:00:00,06/22/2021 00:00:00,01/01/1900 03:00:00,anon_imo_144,137.5,21.7,21.0,7.47
394,anon_provisional_524,anon_buque_519,anon_imo_144,06/27/2021 00:00:00,01/01/1900 14:00:00,06/28/2021 00:00:00,01/01/1900 22:30:00,anon_imo_144,137.5,21.7,21.0,7.47
395,anon_provisional_525,anon_buque_519,anon_imo_144,05/01/2021 00:00:00,01/01/1900 00:01:00,05/04/2021 00:00:00,01/01/1900 01:00:00,anon_imo_144,137.5,21.7,21.0,7.47
396,anon_provisional_526,anon_buque_519,anon_imo_144,05/15/2021 00:00:00,01/01/1900 00:01:00,05/17/2021 00:00:00,01/01/1900 23:00:00,anon_imo_144,137.5,21.7,21.0,7.47
397,anon_provisional_527,anon_buque_519,anon_imo_144,03/22/2021 00:00:00,01/01/1900 00:01:00,03/22/2021 00:00:00,01/01/1900 23:30:00,anon_imo_144,137.5,21.7,21.0,7.47
398,anon_provisional_528,anon_buque_519,anon_imo_144,04/17/2021 00:00:00,01/01/1900 00:01:00,04/20/2021 00:00:00,01/01/1900 00:30:00,anon_imo_144,137.5,21.7,21.0,7.47
399,anon_provisional_529,anon_buque_519,anon_imo_144,03/01/2021 00:00:00,01/01/1900 02:00:00,03/01/2021 00:00:00,01/01/1900 22:00:00,anon_imo_144,137.5,21.7,21.0,7.47
400,anon_provisional_530,anon_buque_519,anon_imo_144,03/08/2021 00:00:00,01/01/1900 00:01:00,03/08/2021 00:00:00,01/01/1900 22:00:00,anon_imo_144,137.5,21.7,21.0,7.47
401,anon_provisional_531,anon_buque_532,anon_imo_145,07/18/2021 00:00:00,01/01/1900 23:00:00,08/25/2021 00:00:00,01/01/1900 08:00:00,anon_imo_145,23.8,14.13,9.5,3.05
402,anon_provisional_533,anon_buque_532,anon_imo_145,01/04/2021 00:00:00,01/01/1900 06:00:00,01/04/2021 00:00:00,01/01/1900 12:00:00,anon_imo_145,23.8,14.13,9.5,3.05
403,anon_provisional_534,anon_buque_532,anon_imo_145,01/07/2021 00:00:00,01/01/1900 18:00:00,01/08/2021 00:00:00,01/01/1900 01:00:00,anon_imo_145,23.8,14.13,9.5,3.05
404,anon_provisional_535,anon_buque_536,anon_imo_146,07/21/2021 00:00:00,01/01/1900 00:01:00,07/22/2021 00:00:00,01/01/1900 04:30:00,anon_imo_146,140.64,22.0,18.0,7.33
405,anon_provisional_537,anon_buque_536,anon_imo_146,08/17/2021 00:00:00,01/01/1900 23:00:00,08/19/2021 00:00:00,01/01/1900 03:00:00,anon_imo_146,140.64,22.0,18.0,7.33
406,anon_provisional_538,anon_buque_536,anon_imo_146,08/25/2021 00:00:00,01/01/1900 08:00:00,08/25/2021 00:00:00,01/01/1900 22:00:00,anon_imo_146,140.64,22.0,18.0,7.33
407,anon_provisional_539,anon_buque_536,anon_imo_146,09/15/2021 00:00:00,01/01/1900 08:00:00,09/16/2021 00:00:00,01/01/1900 03:30:00,anon_imo_146,140.64,22.0,18.0,7.33
408,anon_provisional_540,anon_buque_536,anon_imo_146,06/02/2021 00:00:00,01/01/1900 01:00:00,06/02/2021 00:00:00,01/01/1900 23:00:00,anon_imo_146,140.64,22.0,18.0,7.33
409,anon_provisional_541,anon_buque_536,anon_imo_146,04/28/2021 00:00:00,01/01/1900 00:01:00,04/28/2021 00:00:00,01/01/1900 21:00:00,anon_imo_146,140.64,22.0,18.0,7.33
410,anon_provisional_542,anon_buque_536,anon_imo_146,05/05/2021 00:00:00,01/01/1900 14:00:00,05/06/2021 00:00:00,01/01/1900 03:00:00,anon_imo_146,140.64,22.0,18.0,7.33
411,anon_provisional_543,anon_buque_536,anon_imo_146,05/12/2021 00:00:00,01/01/1900 00:01:00,05/12/2021 00:00:00,01/01/1900 20:30:00,anon_imo_146,140.64,22.0,18.0,7.33
412,anon_provisional_544,anon_buque_536,anon_imo_146,05/26/2021 00:00:00,01/01/1900 08:00:00,05/26/2021 00:00:00,01/01/1900 23:00:00,anon_imo_146,140.64,22.0,18.0,7.33
413,anon_provisional_545,anon_buque_536,anon_imo_146,03/24/2021 00:00:00,01/01/1900 00:01:00,03/25/2021 00:00:00,01/01/1900 02:30:00,anon_imo_146,140.64,22.0,18.0,7.33
414,anon_provisional_546,anon_buque_536,anon_imo_146,03/31/2021 00:00:00,01/01/1900 00:01:00,04/01/2021 00:00:00,01/01/1900 08:00:00,anon_imo_146,140.64,22.0,18.0,7.33
415,anon_provisional_547,anon_buque_536,anon_imo_146,04/07/2021 00:00:00,01/01/1900 00:01:00,04/08/2021 00:00:00,01/01/1900 05:30:00,anon_imo_146,140.64,22.0,18.0,7.33
416,anon_provisional_548,anon_buque_536,anon_imo_146,04/14/2021 00:00:00,01/01/1900 02:30:00,04/14/2021 00:00:00,01/01/1900 21:30:00,anon_imo_146,140.64,22.0,18.0,7.33
417,anon_provisional_549,anon_buque_536,anon_imo_146,04/21/2021 00:00:00,01/01/1900 00:01:00,04/22/2021 00:00:00,01/01/1900 03:00:00,anon_imo_146,140.64,22.0,18.0,7.33
418,anon_provisional_550,anon_buque_536,anon_imo_146,03/03/2021 00:00:00,01/01/1900 00:01:00,03/03/2021 00:00:00,01/01/1900 22:00:00,anon_imo_146,140.64,22.0,18.0,7.33
419,anon_provisional_551,anon_buque_536,anon_imo_146,03/10/2021 00:00:00,01/01/1900 00:01:00,03/11/2021 00:00:00,01/01/1900 04:00:00,anon_imo_146,140.64,22.0,18.0,7.33
420,anon_provisional_552,anon_buque_553,anon_imo_147,11/24/2021 00:00:00,01/01/1900 02:00:00,11/25/2021 00:00:00,01/01/1900 20:00:00,anon_imo_147,108.0,18.0,0.0,7010.0
421,anon_provisional_554,anon_buque_555,anon_imo_148,11/27/2021 00:00:00,01/01/1900 01:00:00,12/02/2021 00:00:00,01/01/1900 23:00:00,anon_imo_148,141.0,16.0,0.0,4700.0
422,anon_provisional_556,anon_buque_555,anon_imo_148,11/27/2021 00:00:00,01/01/1900 01:00:00,12/02/2021 00:00:00,01/01/1900 23:00:00,anon_imo_148,141.0,16.0,0.0,4700.0
423,anon_provisional_557,anon_buque_558,anon_imo_149,12/03/2021 00:00:00,01/01/1900 20:00:00,12/09/2021 00:00:00,01/01/1900 21:00:00,anon_imo_149,121.7,16.5,0.0,5.06
424,anon_provisional_559,anon_buque_560,anon_imo_150,12/08/2021 00:00:00,01/01/1900 07:00:00,12/10/2021 00:00:00,01/01/1900 04:00:00,anon_imo_150,106.02,15.2,0.0,5.97
425,anon_provisional_561,anon_buque_562,anon_imo_151,12/13/2021 00:00:00,01/01/1900 15:00:00,12/15/2021 00:00:00,01/01/1900 22:00:00,anon_imo_151,125.0,14.0,0.0,6500.0
426,anon_provisional_563,anon_buque_562,anon_imo_151,06/13/2021 00:00:00,01/01/1900 21:00:00,06/15/2021 00:00:00,01/01/1900 22:00:00,anon_imo_151,125.0,14.0,0.0,6500.0
427,anon_provisional_564,anon_buque_565,anon_imo_152,12/15/2021 00:00:00,01/01/1900 23:30:00,12/17/2021 00:00:00,01/01/1900 22:00:00,anon_imo_152,87.9,12.8,9.0,5490.0
428,anon_provisional_566,anon_buque_567,anon_imo_153,09/10/2021 00:00:00,01/01/1900 04:00:00,09/11/2021 00:00:00,01/01/1900 14:00:00,anon_imo_153,99.0,15.0,0.0,6200.0
429,anon_provisional_568,anon_buque_569,anon_imo_154,09/11/2021 00:00:00,01/01/1900 08:00:00,09/13/2021 00:00:00,01/01/1900 11:00:00,anon_imo_154,106010.0,15630.0,12.0,5.9
430,anon_provisional_570,anon_buque_569,anon_imo_154,02/03/2021 00:00:00,01/01/1900 16:00:00,02/08/2021 00:00:00,01/01/1900 22:00:00,anon_imo_154,106010.0,15630.0,12.0,5.9
431,anon_provisional_571,anon_buque_572,anon_imo_155,09/16/2021 00:00:00,01/01/1900 08:00:00,09/20/2021 00:00:00,01/01/1900 11:00:00,anon_imo_155,105.98,15.86,0.0,6.2
432,anon_provisional_573,anon_buque_574,anon_imo_156,09/18/2021 00:00:00,01/01/1900 14:00:00,09/21/2021 00:00:00,01/01/1900 16:00:00,anon_imo_156,89.0,15.0,0.0,5640.0
433,anon_provisional_575,anon_buque_576,anon_imo_157,09/19/2021 00:00:00,01/01/1900 12:00:00,09/20/2021 00:00:00,01/01/1900 22:00:00,anon_imo_157,96.0,13.0,0.0,4300.0
436,anon_provisional_577,anon_buque_578,anon_imo_158,09/22/2021 00:00:00,01/01/1900 02:00:00,10/19/2021 00:00:00,01/01/1900 12:00:00,anon_imo_158,109.0,18.0,0.0,6614.0
437,anon_provisional_579,anon_buque_580,anon_imo_159,10/02/2021 00:00:00,01/01/1900 17:00:00,10/04/2021 00:00:00,01/01/1900 21:00:00,anon_imo_159,77.8,11.1,10.4,4.0
438,anon_provisional_581,anon_buque_582,anon_imo_160,10/03/2021 00:00:00,01/01/1900 21:00:00,10/05/2021 00:00:00,01/01/1900 17:00:00,anon_imo_160,88.0,13.0,0.0,4913.0
439,anon_provisional_583,anon_buque_582,anon_imo_160,07/31/2021 00:00:00,01/01/1900 15:00:00,08/03/2021 00:00:00,01/01/1900 23:00:00,anon_imo_160,88.0,13.0,0.0,4913.0
440,anon_provisional_584,anon_buque_585,anon_imo_161,08/07/2021 00:00:00,01/01/1900 12:00:00,08/10/2021 00:00:00,01/01/1900 14:00:00,anon_imo_161,88.0,12.0,0.0,5420.0
441,anon_provisional_586,anon_buque_585,anon_imo_161,02/16/2021 00:00:00,01/01/1900 14:00:00,02/19/2021 00:00:00,01/01/1900 22:00:00,anon_imo_161,88.0,12.0,0.0,5420.0
442,anon_provisional_587,anon_buque_588,anon_imo_162,08/21/2021 00:00:00,01/01/1900 14:00:00,08/25/2021 00:00:00,01/01/1900 12:00:00,anon_imo_162,118.0,15.0,0.0,7050.0
443,anon_provisional_589,anon_buque_588,anon_imo_162,09/06/2021 00:00:00,01/01/1900 08:00:00,09/07/2021 00:00:00,01/01/1900 22:00:00,anon_imo_162,118.0,15.0,0.0,7050.0
444,anon_provisional_590,anon_buque_591,anon_imo_163,08/21/2021 00:00:00,01/01/1900 14:00:00,08/24/2021 00:00:00,01/01/1900 22:00:00,anon_imo_163,155.0,25.91,,7.1
445,anon_provisional_592,anon_buque_593,anon_imo_164,08/21/2021 00:00:00,01/01/1900 08:00:00,08/23/2021 00:00:00,01/01/1900 20:00:00,anon_imo_164,134.5,16.5,14.0,7120.0
446,anon_provisional_594,anon_buque_595,anon_imo_165,08/23/2021 00:00:00,01/01/1900 02:00:00,08/24/2021 00:00:00,01/01/1900 22:00:00,anon_imo_165,89.0,14.0,0.0,6220.0
447,anon_provisional_596,anon_buque_597,anon_imo_166,08/25/2021 00:00:00,01/01/1900 02:00:00,08/27/2021 00:00:00,01/01/1900 16:00:00,anon_imo_166,119.0,14.0,0.0,7190.0
448,anon_provisional_598,anon_buque_599,anon_imo_167,08/28/2021 00:00:00,01/01/1900 14:00:00,08/30/2021 00:00:00,01/01/1900 22:00:00,anon_imo_167,81.0,11.0,0.0,4460.0
449,anon_provisional_600,anon_buque_601,anon_imo_168,01/17/2021 00:00:00,01/01/1900 08:00:00,01/19/2021 00:00:00,01/01/1900 22:00:00,anon_imo_168,95.0,13.0,0.0,5800.0
450,anon_provisional_602,anon_buque_601,anon_imo_168,11/22/2021 00:00:00,01/01/1900 12:00:00,11/26/2021 00:00:00,01/01/1900 21:00:00,anon_imo_168,95.0,13.0,0.0,5800.0
451,anon_provisional_603,anon_buque_604,anon_imo_169,01/19/2021 00:00:00,01/01/1900 09:00:00,01/21/2021 00:00:00,01/01/1900 22:00:00,anon_imo_169,106.07,15.5,0.0,6630.0
452,anon_provisional_605,anon_buque_604,anon_imo_169,04/17/2021 00:00:00,01/01/1900 08:01:00,04/20/2021 00:00:00,01/01/1900 22:00:00,anon_imo_169,106.07,15.5,0.0,6630.0
453,anon_provisional_606,anon_buque_607,anon_imo_170,01/24/2021 00:00:00,01/01/1900 06:00:00,01/25/2021 00:00:00,01/01/1900 23:30:00,anon_imo_170,105.8,16.6,,6.7
454,anon_provisional_608,anon_buque_609,anon_imo_171,01/27/2021 00:00:00,01/01/1900 19:00:00,01/29/2021 00:00:00,01/01/1900 22:00:00,anon_imo_171,91.2,13.8,10.5,6126.0
455,anon_provisional_610,anon_buque_611,anon_imo_172,01/31/2021 00:00:00,01/01/1900 07:00:00,02/01/2021 00:00:00,01/01/1900 19:00:00,anon_imo_172,140.85,17.0,,
456,anon_provisional_612,anon_buque_613,anon_imo_173,02/03/2021 00:00:00,01/01/1900 22:00:00,02/05/2021 00:00:00,01/01/1900 14:00:00,anon_imo_173,100.0,18.0,0.0,6500.0
457,anon_provisional_614,anon_buque_615,anon_imo_174,02/03/2021 00:00:00,01/01/1900 15:00:00,02/04/2021 00:00:00,01/01/1900 23:00:00,anon_imo_174,87910.0,11450.0,10.5,4100.0
458,anon_provisional_616,anon_buque_617,anon_imo_175,04/20/2021 00:00:00,01/01/1900 01:30:00,04/23/2021 00:00:00,01/01/1900 22:00:00,anon_imo_175,89.0,13.0,0.0,5950.0
459,anon_provisional_618,anon_buque_619,anon_imo_176,04/28/2021 00:00:00,01/01/1900 21:00:00,05/03/2021 00:00:00,01/01/1900 21:00:00,anon_imo_176,121.0,18.0,10.5,6.46
460,anon_provisional_620,anon_buque_621,anon_imo_177,04/29/2021 00:00:00,01/01/1900 09:00:00,04/30/2021 00:00:00,01/01/1900 08:00:00,anon_imo_177,119.1,16.9,12.5,6.75
461,anon_provisional_622,anon_buque_621,anon_imo_177,12/29/2021 00:00:00,01/01/1900 08:00:00,12/30/2021 00:00:00,01/01/1900 19:00:00,anon_imo_177,119.1,16.9,12.5,6.75
462,anon_provisional_623,anon_buque_621,anon_imo_177,02/25/2021 00:00:00,01/01/1900 08:00:00,02/26/2021 00:00:00,01/01/1900 08:00:00,anon_imo_177,119.1,16.9,12.5,6.75
463,anon_provisional_624,anon_buque_621,anon_imo_177,02/11/2021 00:00:00,01/01/1900 14:00:00,02/12/2021 00:00:00,01/01/1900 08:00:00,anon_imo_177,119.1,16.9,12.5,6.75
464,anon_provisional_625,anon_buque_626,anon_imo_178,04/30/2021 00:00:00,01/01/1900 08:00:00,05/06/2021 00:00:00,01/01/1900 22:00:00,anon_imo_178,23.89,6.6,10.0,3.3
465,anon_provisional_625,anon_buque_626,anon_imo_178,04/30/2021 00:00:00,01/01/1900 08:00:00,05/06/2021 00:00:00,01/01/1900 22:00:00,anon_imo_178,30.0,14.3,,
466,anon_provisional_625,anon_buque_626,anon_imo_178,04/30/2021 00:00:00,01/01/1900 08:00:00,05/06/2021 00:00:00,01/01/1900 22:00:00,anon_imo_178,28.06,6.7,,
467,anon_provisional_625,anon_buque_626,anon_imo_178,04/30/2021 00:00:00,01/01/1900 08:00:00,05/06/2021 00:00:00,01/01/1900 22:00:00,anon_imo_178,32.22,14.93,0.0,2.0
468,anon_provisional_625,anon_buque_626,anon_imo_178,04/30/2021 00:00:00,01/01/1900 08:00:00,05/06/2021 00:00:00,01/01/1900 22:00:00,anon_imo_178,23.5,8.54,,
469,anon_provisional_625,anon_buque_626,anon_imo_178,04/30/2021 00:00:00,01/01/1900 08:00:00,05/06/2021 00:00:00,01/01/1900 22:00:00,anon_imo_178,27.0,3.0,,
470,anon_provisional_625,anon_buque_626,anon_imo_178,04/30/2021 00:00:00,01/01/1900 08:00:00,05/06/2021 00:00:00,01/01/1900 22:00:00,anon_imo_178,30.81,7.8,,2.48
471,anon_provisional_625,anon_buque_626,anon_imo_178,04/30/2021 00:00:00,01/01/1900 08:00:00,05/06/2021 00:00:00,01/01/1900 22:00:00,anon_imo_178,34.0,7.65,,2.77
472,anon_provisional_625,anon_buque_626,anon_imo_178,04/30/2021 00:00:00,01/01/1900 08:00:00,05/06/2021 00:00:00,01/01/1900 22:00:00,anon_imo_178,28.0,6.49,,
473,anon_provisional_625,anon_buque_626,anon_imo_178,04/30/2021 00:00:00,01/01/1900 08:00:00,05/06/2021 00:00:00,01/01/1900 22:00:00,anon_imo_178,19.0,6.0,,2.0
474,anon_provisional_627,anon_buque_628,anon_imo_178,12/14/2021 00:00:00,01/01/1900 08:00:00,12/15/2021 00:00:00,01/01/1900 08:00:00,anon_imo_178,23.89,6.6,10.0,3.3
475,anon_provisional_627,anon_buque_628,anon_imo_178,12/14/2021 00:00:00,01/01/1900 08:00:00,12/15/2021 00:00:00,01/01/1900 08:00:00,anon_imo_178,30.0,14.3,,
476,anon_provisional_627,anon_buque_628,anon_imo_178,12/14/2021 00:00:00,01/01/1900 08:00:00,12/15/2021 00:00:00,01/01/1900 08:00:00,anon_imo_178,28.06,6.7,,
477,anon_provisional_627,anon_buque_628,anon_imo_178,12/14/2021 00:00:00,01/01/1900 08:00:00,12/15/2021 00:00:00,01/01/1900 08:00:00,anon_imo_178,32.22,14.93,0.0,2.0
478,anon_provisional_627,anon_buque_628,anon_imo_178,12/14/2021 00:00:00,01/01/1900 08:00:00,12/15/2021 00:00:00,01/01/1900 08:00:00,anon_imo_178,23.5,8.54,,
479,anon_provisional_627,anon_buque_628,anon_imo_178,12/14/2021 00:00:00,01/01/1900 08:00:00,12/15/2021 00:00:00,01/01/1900 08:00:00,anon_imo_178,27.0,3.0,,
480,anon_provisional_627,anon_buque_628,anon_imo_178,12/14/2021 00:00:00,01/01/1900 08:00:00,12/15/2021 00:00:00,01/01/1900 08:00:00,anon_imo_178,30.81,7.8,,2.48
481,anon_provisional_627,anon_buque_628,anon_imo_178,12/14/2021 00:00:00,01/01/1900 08:00:00,12/15/2021 00:00:00,01/01/1900 08:00:00,anon_imo_178,34.0,7.65,,2.77
482,anon_provisional_627,anon_buque_628,anon_imo_178,12/14/2021 00:00:00,01/01/1900 08:00:00,12/15/2021 00:00:00,01/01/1900 08:00:00,anon_imo_178,28.0,6.49,,
483,anon_provisional_627,anon_buque_628,anon_imo_178,12/14/2021 00:00:00,01/01/1900 08:00:00,12/15/2021 00:00:00,01/01/1900 08:00:00,anon_imo_178,19.0,6.0,,2.0
494,anon_provisional_629,anon_buque_630,anon_imo_178,05/26/2021 00:00:00,01/01/1900 06:00:00,06/01/2021 00:00:00,01/01/1900 10:00:00,anon_imo_178,23.89,6.6,10.0,3.3
495,anon_provisional_629,anon_buque_630,anon_imo_178,05/26/2021 00:00:00,01/01/1900 06:00:00,06/01/2021 00:00:00,01/01/1900 10:00:00,anon_imo_178,30.0,14.3,,
496,anon_provisional_629,anon_buque_630,anon_imo_178,05/26/2021 00:00:00,01/01/1900 06:00:00,06/01/2021 00:00:00,01/01/1900 10:00:00,anon_imo_178,28.06,6.7,,
497,anon_provisional_629,anon_buque_630,anon_imo_178,05/26/2021 00:00:00,01/01/1900 06:00:00,06/01/2021 00:00:00,01/01/1900 10:00:00,anon_imo_178,32.22,14.93,0.0,2.0
498,anon_provisional_629,anon_buque_630,anon_imo_178,05/26/2021 00:00:00,01/01/1900 06:00:00,06/01/2021 00:00:00,01/01/1900 10:00:00,anon_imo_178,23.5,8.54,,
499,anon_provisional_629,anon_buque_630,anon_imo_178,05/26/2021 00:00:00,01/01/1900 06:00:00,06/01/2021 00:00:00,01/01/1900 10:00:00,anon_imo_178,27.0,3.0,,
500,anon_provisional_629,anon_buque_630,anon_imo_178,05/26/2021 00:00:00,01/01/1900 06:00:00,06/01/2021 00:00:00,01/01/1900 10:00:00,anon_imo_178,30.81,7.8,,2.48
501,anon_provisional_629,anon_buque_630,anon_imo_178,05/26/2021 00:00:00,01/01/1900 06:00:00,06/01/2021 00:00:00,01/01/1900 10:00:00,anon_imo_178,34.0,7.65,,2.77
502,anon_provisional_629,anon_buque_630,anon_imo_178,05/26/2021 00:00:00,01/01/1900 06:00:00,06/01/2021 00:00:00,01/01/1900 10:00:00,anon_imo_178,28.0,6.49,,
503,anon_provisional_629,anon_buque_630,anon_imo_178,05/26/2021 00:00:00,01/01/1900 06:00:00,06/01/2021 00:00:00,01/01/1900 10:00:00,anon_imo_178,19.0,6.0,,2.0
504,anon_provisional_631,anon_buque_632,anon_imo_178,08/18/2021 00:00:00,01/01/1900 15:00:00,08/21/2021 00:00:00,01/01/1900 08:00:00,anon_imo_178,23.89,6.6,10.0,3.3
505,anon_provisional_631,anon_buque_632,anon_imo_178,08/18/2021 00:00:00,01/01/1900 15:00:00,08/21/2021 00:00:00,01/01/1900 08:00:00,anon_imo_178,30.0,14.3,,
506,anon_provisional_631,anon_buque_632,anon_imo_178,08/18/2021 00:00:00,01/01/1900 15:00:00,08/21/2021 00:00:00,01/01/1900 08:00:00,anon_imo_178,28.06,6.7,,
507,anon_provisional_631,anon_buque_632,anon_imo_178,08/18/2021 00:00:00,01/01/1900 15:00:00,08/21/2021 00:00:00,01/01/1900 08:00:00,anon_imo_178,32.22,14.93,0.0,2.0
508,anon_provisional_631,anon_buque_632,anon_imo_178,08/18/2021 00:00:00,01/01/1900 15:00:00,08/21/2021 00:00:00,01/01/1900 08:00:00,anon_imo_178,23.5,8.54,,
509,anon_provisional_631,anon_buque_632,anon_imo_178,08/18/2021 00:00:00,01/01/1900 15:00:00,08/21/2021 00:00:00,01/01/1900 08:00:00,anon_imo_178,27.0,3.0,,
510,anon_provisional_631,anon_buque_632,anon_imo_178,08/18/2021 00:00:00,01/01/1900 15:00:00,08/21/2021 00:00:00,01/01/1900 08:00:00,anon_imo_178,30.81,7.8,,2.48
511,anon_provisional_631,anon_buque_632,anon_imo_178,08/18/2021 00:00:00,01/01/1900 15:00:00,08/21/2021 00:00:00,01/01/1900 08:00:00,anon_imo_178,34.0,7.65,,2.77
512,anon_provisional_631,anon_buque_632,anon_imo_178,08/18/2021 00:00:00,01/01/1900 15:00:00,08/21/2021 00:00:00,01/01/1900 08:00:00,anon_imo_178,28.0,6.49,,
513,anon_provisional_631,anon_buque_632,anon_imo_178,08/18/2021 00:00:00,01/01/1900 15:00:00,08/21/2021 00:00:00,01/01/1900 08:00:00,anon_imo_178,19.0,6.0,,2.0
514,anon_provisional_633,anon_buque_634,anon_imo_178,09/22/2021 00:00:00,01/01/1900 15:00:00,10/03/2021 00:00:00,01/01/1900 12:00:00,anon_imo_178,23.89,6.6,10.0,3.3
515,anon_provisional_633,anon_buque_634,anon_imo_178,09/22/2021 00:00:00,01/01/1900 15:00:00,10/03/2021 00:00:00,01/01/1900 12:00:00,anon_imo_178,30.0,14.3,,
516,anon_provisional_633,anon_buque_634,anon_imo_178,09/22/2021 00:00:00,01/01/1900 15:00:00,10/03/2021 00:00:00,01/01/1900 12:00:00,anon_imo_178,28.06,6.7,,
517,anon_provisional_633,anon_buque_634,anon_imo_178,09/22/2021 00:00:00,01/01/1900 15:00:00,10/03/2021 00:00:00,01/01/1900 12:00:00,anon_imo_178,32.22,14.93,0.0,2.0
518,anon_provisional_633,anon_buque_634,anon_imo_178,09/22/2021 00:00:00,01/01/1900 15:00:00,10/03/2021 00:00:00,01/01/1900 12:00:00,anon_imo_178,23.5,8.54,,
519,anon_provisional_633,anon_buque_634,anon_imo_178,09/22/2021 00:00:00,01/01/1900 15:00:00,10/03/2021 00:00:00,01/01/1900 12:00:00,anon_imo_178,27.0,3.0,,
520,anon_provisional_633,anon_buque_634,anon_imo_178,09/22/2021 00:00:00,01/01/1900 15:00:00,10/03/2021 00:00:00,01/01/1900 12:00:00,anon_imo_178,30.81,7.8,,2.48
521,anon_provisional_633,anon_buque_634,anon_imo_178,09/22/2021 00:00:00,01/01/1900 15:00:00,10/03/2021 00:00:00,01/01/1900 12:00:00,anon_imo_178,34.0,7.65,,2.77
522,anon_provisional_633,anon_buque_634,anon_imo_178,09/22/2021 00:00:00,01/01/1900 15:00:00,10/03/2021 00:00:00,01/01/1900 12:00:00,anon_imo_178,28.0,6.49,,
523,anon_provisional_633,anon_buque_634,anon_imo_178,09/22/2021 00:00:00,01/01/1900 15:00:00,10/03/2021 00:00:00,01/01/1900 12:00:00,anon_imo_178,19.0,6.0,,2.0
524,anon_provisional_635,anon_buque_636,anon_imo_178,07/17/2021 00:00:00,01/01/1900 21:00:00,07/22/2021 00:00:00,01/01/1900 00:00:00,anon_imo_178,23.89,6.6,10.0,3.3
525,anon_provisional_635,anon_buque_636,anon_imo_178,07/17/2021 00:00:00,01/01/1900 21:00:00,07/22/2021 00:00:00,01/01/1900 00:00:00,anon_imo_178,30.0,14.3,,
526,anon_provisional_635,anon_buque_636,anon_imo_178,07/17/2021 00:00:00,01/01/1900 21:00:00,07/22/2021 00:00:00,01/01/1900 00:00:00,anon_imo_178,28.06,6.7,,
527,anon_provisional_635,anon_buque_636,anon_imo_178,07/17/2021 00:00:00,01/01/1900 21:00:00,07/22/2021 00:00:00,01/01/1900 00:00:00,anon_imo_178,32.22,14.93,0.0,2.0
528,anon_provisional_635,anon_buque_636,anon_imo_178,07/17/2021 00:00:00,01/01/1900 21:00:00,07/22/2021 00:00:00,01/01/1900 00:00:00,anon_imo_178,23.5,8.54,,
529,anon_provisional_635,anon_buque_636,anon_imo_178,07/17/2021 00:00:00,01/01/1900 21:00:00,07/22/2021 00:00:00,01/01/1900 00:00:00,anon_imo_178,27.0,3.0,,
530,anon_provisional_635,anon_buque_636,anon_imo_178,07/17/2021 00:00:00,01/01/1900 21:00:00,07/22/2021 00:00:00,01/01/1900 00:00:00,anon_imo_178,30.81,7.8,,2.48
531,anon_provisional_635,anon_buque_636,anon_imo_178,07/17/2021 00:00:00,01/01/1900 21:00:00,07/22/2021 00:00:00,01/01/1900 00:00:00,anon_imo_178,34.0,7.65,,2.77
532,anon_provisional_635,anon_buque_636,anon_imo_178,07/17/2021 00:00:00,01/01/1900 21:00:00,07/22/2021 00:00:00,01/01/1900 00:00:00,anon_imo_178,28.0,6.49,,
533,anon_provisional_635,anon_buque_636,anon_imo_178,07/17/2021 00:00:00,01/01/1900 21:00:00,07/22/2021 00:00:00,01/01/1900 00:00:00,anon_imo_178,19.0,6.0,,2.0
534,anon_provisional_637,anon_buque_636,anon_imo_178,07/17/2021 00:00:00,01/01/1900 22:00:00,07/22/2021 00:00:00,01/01/1900 08:00:00,anon_imo_178,23.89,6.6,10.0,3.3
535,anon_provisional_637,anon_buque_636,anon_imo_178,07/17/2021 00:00:00,01/01/1900 22:00:00,07/22/2021 00:00:00,01/01/1900 08:00:00,anon_imo_178,30.0,14.3,,
536,anon_provisional_637,anon_buque_636,anon_imo_178,07/17/2021 00:00:00,01/01/1900 22:00:00,07/22/2021 00:00:00,01/01/1900 08:00:00,anon_imo_178,28.06,6.7,,
537,anon_provisional_637,anon_buque_636,anon_imo_178,07/17/2021 00:00:00,01/01/1900 22:00:00,07/22/2021 00:00:00,01/01/1900 08:00:00,anon_imo_178,32.22,14.93,0.0,2.0
538,anon_provisional_637,anon_buque_636,anon_imo_178,07/17/2021 00:00:00,01/01/1900 22:00:00,07/22/2021 00:00:00,01/01/1900 08:00:00,anon_imo_178,23.5,8.54,,
539,anon_provisional_637,anon_buque_636,anon_imo_178,07/17/2021 00:00:00,01/01/1900 22:00:00,07/22/2021 00:00:00,01/01/1900 08:00:00,anon_imo_178,27.0,3.0,,
540,anon_provisional_637,anon_buque_636,anon_imo_178,07/17/2021 00:00:00,01/01/1900 22:00:00,07/22/2021 00:00:00,01/01/1900 08:00:00,anon_imo_178,30.81,7.8,,2.48
541,anon_provisional_637,anon_buque_636,anon_imo_178,07/17/2021 00:00:00,01/01/1900 22:00:00,07/22/2021 00:00:00,01/01/1900 08:00:00,anon_imo_178,34.0,7.65,,2.77
542,anon_provisional_637,anon_buque_636,anon_imo_178,07/17/2021 00:00:00,01/01/1900 22:00:00,07/22/2021 00:00:00,01/01/1900 08:00:00,anon_imo_178,28.0,6.49,,
543,anon_provisional_637,anon_buque_636,anon_imo_178,07/17/2021 00:00:00,01/01/1900 22:00:00,07/22/2021 00:00:00,01/01/1900 08:00:00,anon_imo_178,19.0,6.0,,2.0
544,anon_provisional_638,anon_buque_636,anon_imo_178,07/17/2021 00:00:00,01/01/1900 23:00:00,07/22/2021 00:00:00,01/01/1900 08:00:00,anon_imo_178,23.89,6.6,10.0,3.3
545,anon_provisional_638,anon_buque_636,anon_imo_178,07/17/2021 00:00:00,01/01/1900 23:00:00,07/22/2021 00:00:00,01/01/1900 08:00:00,anon_imo_178,30.0,14.3,,
546,anon_provisional_638,anon_buque_636,anon_imo_178,07/17/2021 00:00:00,01/01/1900 23:00:00,07/22/2021 00:00:00,01/01/1900 08:00:00,anon_imo_178,28.06,6.7,,
547,anon_provisional_638,anon_buque_636,anon_imo_178,07/17/2021 00:00:00,01/01/1900 23:00:00,07/22/2021 00:00:00,01/01/1900 08:00:00,anon_imo_178,32.22,14.93,0.0,2.0
548,anon_provisional_638,anon_buque_636,anon_imo_178,07/17/2021 00:00:00,01/01/1900 23:00:00,07/22/2021 00:00:00,01/01/1900 08:00:00,anon_imo_178,23.5,8.54,,
549,anon_provisional_638,anon_buque_636,anon_imo_178,07/17/2021 00:00:00,01/01/1900 23:00:00,07/22/2021 00:00:00,01/01/1900 08:00:00,anon_imo_178,27.0,3.0,,
550,anon_provisional_638,anon_buque_636,anon_imo_178,07/17/2021 00:00:00,01/01/1900 23:00:00,07/22/2021 00:00:00,01/01/1900 08:00:00,anon_imo_178,30.81,7.8,,2.48
551,anon_provisional_638,anon_buque_636,anon_imo_178,07/17/2021 00:00:00,01/01/1900 23:00:00,07/22/2021 00:00:00,01/01/1900 08:00:00,anon_imo_178,34.0,7.65,,2.77
552,anon_provisional_638,anon_buque_636,anon_imo_178,07/17/2021 00:00:00,01/01/1900 23:00:00,07/22/2021 00:00:00,01/01/1900 08:00:00,anon_imo_178,28.0,6.49,,
553,anon_provisional_638,anon_buque_636,anon_imo_178,07/17/2021 00:00:00,01/01/1900 23:00:00,07/22/2021 00:00:00,01/01/1900 08:00:00,anon_imo_178,19.0,6.0,,2.0
554,anon_provisional_639,anon_buque_636,anon_imo_178,12/21/2021 00:00:00,01/01/1900 19:00:00,02/01/2022 00:00:00,01/01/1900 08:00:00,anon_imo_178,23.89,6.6,10.0,3.3
555,anon_provisional_639,anon_buque_636,anon_imo_178,12/21/2021 00:00:00,01/01/1900 19:00:00,02/01/2022 00:00:00,01/01/1900 08:00:00,anon_imo_178,30.0,14.3,,
556,anon_provisional_639,anon_buque_636,anon_imo_178,12/21/2021 00:00:00,01/01/1900 19:00:00,02/01/2022 00:00:00,01/01/1900 08:00:00,anon_imo_178,28.06,6.7,,
557,anon_provisional_639,anon_buque_636,anon_imo_178,12/21/2021 00:00:00,01/01/1900 19:00:00,02/01/2022 00:00:00,01/01/1900 08:00:00,anon_imo_178,32.22,14.93,0.0,2.0
558,anon_provisional_639,anon_buque_636,anon_imo_178,12/21/2021 00:00:00,01/01/1900 19:00:00,02/01/2022 00:00:00,01/01/1900 08:00:00,anon_imo_178,23.5,8.54,,
559,anon_provisional_639,anon_buque_636,anon_imo_178,12/21/2021 00:00:00,01/01/1900 19:00:00,02/01/2022 00:00:00,01/01/1900 08:00:00,anon_imo_178,27.0,3.0,,
560,anon_provisional_639,anon_buque_636,anon_imo_178,12/21/2021 00:00:00,01/01/1900 19:00:00,02/01/2022 00:00:00,01/01/1900 08:00:00,anon_imo_178,30.81,7.8,,2.48
561,anon_provisional_639,anon_buque_636,anon_imo_178,12/21/2021 00:00:00,01/01/1900 19:00:00,02/01/2022 00:00:00,01/01/1900 08:00:00,anon_imo_178,34.0,7.65,,2.77
562,anon_provisional_639,anon_buque_636,anon_imo_178,12/21/2021 00:00:00,01/01/1900 19:00:00,02/01/2022 00:00:00,01/01/1900 08:00:00,anon_imo_178,28.0,6.49,,
563,anon_provisional_639,anon_buque_636,anon_imo_178,12/21/2021 00:00:00,01/01/1900 19:00:00,02/01/2022 00:00:00,01/01/1900 08:00:00,anon_imo_178,19.0,6.0,,2.0
564,anon_provisional_640,anon_buque_641,anon_imo_179,05/01/2021 00:00:00,01/01/1900 11:00:00,05/02/2021 00:00:00,01/01/1900 14:00:00,anon_imo_179,107.34,15.8,13.0,6.58
565,anon_provisional_642,anon_buque_643,anon_imo_180,05/03/2021 00:00:00,01/01/1900 06:00:00,05/04/2021 00:00:00,01/01/1900 15:00:00,anon_imo_180,89.88,12.91,0.0,5.55
566,anon_provisional_644,anon_buque_645,anon_imo_181,05/03/2021 00:00:00,01/01/1900 06:00:00,05/04/2021 00:00:00,01/01/1900 12:00:00,anon_imo_181,99.0,15.0,0.0,6110.0
567,anon_provisional_646,anon_buque_647,anon_imo_182,05/04/2021 00:00:00,01/01/1900 05:00:00,05/05/2021 00:00:00,01/01/1900 12:00:00,anon_imo_182,121.0,16.0,0.0,6320.0
568,anon_provisional_648,anon_buque_649,anon_imo_183,05/06/2021 00:00:00,01/01/1900 07:00:00,05/11/2021 00:00:00,01/01/1900 22:00:00,anon_imo_183,89.0,12.0,0.0,4652.0
569,anon_provisional_650,anon_buque_651,anon_imo_184,01/21/2021 00:00:00,01/01/1900 06:00:00,01/22/2021 00:00:00,01/01/1900 23:00:00,anon_imo_184,88.0,12.0,0.0,5470.0
570,anon_provisional_652,anon_buque_653,anon_imo_184,07/28/2021 00:00:00,01/01/1900 22:00:00,07/30/2021 00:00:00,01/01/1900 22:00:00,anon_imo_184,88.0,12.0,0.0,5470.0
571,anon_provisional_654,anon_buque_655,anon_imo_185,02/14/2021 00:00:00,01/01/1900 20:00:00,02/16/2021 00:00:00,01/01/1900 18:00:00,anon_imo_185,100.0,16.0,0.0,6314.0
572,anon_provisional_656,anon_buque_657,anon_imo_186,02/17/2021 00:00:00,01/01/1900 11:00:00,02/17/2021 00:00:00,01/01/1900 23:00:00,anon_imo_186,74.94,11.4,10.0,4.35
573,anon_provisional_658,anon_buque_659,anon_imo_187,12/28/2021 00:00:00,01/01/1900 12:00:00,12/30/2021 00:00:00,01/01/1900 16:00:00,anon_imo_187,87770.0,12900.0,0.0,5518.0
574,anon_provisional_660,anon_buque_661,anon_imo_188,12/30/2021 00:00:00,01/01/1900 07:00:00,01/03/2022 00:00:00,01/01/1900 22:00:00,anon_imo_188,89.0,14.0,0.0,6270.0
575,anon_provisional_662,anon_buque_661,anon_imo_188,05/31/2021 00:00:00,01/01/1900 12:00:00,06/02/2021 00:00:00,01/01/1900 16:00:00,anon_imo_188,89.0,14.0,0.0,6270.0
576,anon_provisional_663,anon_buque_664,anon_imo_189,09/07/2021 00:00:00,01/01/1900 22:00:00,09/11/2021 00:00:00,01/01/1900 13:00:00,anon_imo_189,103.0,11.0,,2.0
577,anon_provisional_665,anon_buque_664,anon_imo_189,09/28/2021 00:00:00,01/01/1900 20:00:00,10/02/2021 00:00:00,01/01/1900 13:00:00,anon_imo_189,103.0,11.0,,2.0
578,anon_provisional_666,anon_buque_664,anon_imo_189,10/05/2021 00:00:00,01/01/1900 20:00:00,10/09/2021 00:00:00,01/01/1900 13:00:00,anon_imo_189,103.0,11.0,,2.0
579,anon_provisional_667,anon_buque_664,anon_imo_189,10/11/2021 00:00:00,01/01/1900 20:00:00,10/16/2021 00:00:00,01/01/1900 13:00:00,anon_imo_189,103.0,11.0,,2.0
580,anon_provisional_668,anon_buque_664,anon_imo_189,10/18/2021 00:00:00,01/01/1900 20:00:00,10/23/2021 00:00:00,01/01/1900 13:00:00,anon_imo_189,103.0,11.0,,2.0
581,anon_provisional_669,anon_buque_664,anon_imo_189,10/25/2021 00:00:00,01/01/1900 20:00:00,10/31/2021 00:00:00,01/01/1900 23:00:00,anon_imo_189,103.0,11.0,,2.0
582,anon_provisional_670,anon_buque_664,anon_imo_189,11/08/2021 00:00:00,01/01/1900 20:00:00,11/13/2021 00:00:00,01/01/1900 13:00:00,anon_imo_189,103.0,11.0,,2.0
584,anon_provisional_671,anon_buque_664,anon_imo_189,12/25/2021 00:00:00,01/01/1900 21:00:00,12/30/2021 00:00:00,01/01/1900 13:00:00,anon_imo_189,103.0,11.0,,2.0
586,anon_provisional_672,anon_buque_673,anon_imo_190,07/07/2021 00:00:00,01/01/1900 10:00:00,07/09/2021 00:00:00,01/01/1900 23:00:00,anon_imo_190,99.0,12.0,0.0,3.8
587,anon_provisional_674,anon_buque_675,anon_imo_191,07/20/2021 00:00:00,01/01/1900 01:00:00,07/22/2021 00:00:00,01/01/1900 23:00:00,anon_imo_191,89.99,14.0,0.0,6.18
588,anon_provisional_676,anon_buque_675,anon_imo_191,07/20/2021 00:00:00,01/01/1900 01:00:00,07/22/2021 00:00:00,01/01/1900 23:00:00,anon_imo_191,89.99,14.0,0.0,6.18
589,anon_provisional_677,anon_buque_678,anon_imo_192,08/16/2021 00:00:00,01/01/1900 08:00:00,08/18/2021 00:00:00,01/01/1900 23:00:00,anon_imo_192,91.1,13.6,11.5,5.25
590,anon_provisional_679,anon_buque_678,anon_imo_192,09/15/2021 00:00:00,01/01/1900 18:00:00,09/17/2021 00:00:00,01/01/1900 23:00:00,anon_imo_192,91.1,13.6,11.5,5.25
591,anon_provisional_680,anon_buque_678,anon_imo_192,06/24/2021 00:00:00,01/01/1900 12:00:00,06/25/2021 00:00:00,01/01/1900 23:00:00,anon_imo_192,91.1,13.6,11.5,5.25
592,anon_provisional_681,anon_buque_678,anon_imo_192,03/01/2021 00:00:00,01/01/1900 07:00:00,03/03/2021 00:00:00,01/01/1900 23:00:00,anon_imo_192,91.1,13.6,11.5,5.25
593,anon_provisional_682,anon_buque_683,anon_imo_193,02/19/2021 00:00:00,01/01/1900 07:00:00,02/23/2021 00:00:00,01/01/1900 21:00:00,anon_imo_193,128600.0,18000.0,0.0,6.76
595,anon_provisional_684,anon_buque_685,anon_imo_194,02/27/2021 00:00:00,01/01/1900 10:00:00,03/03/2021 00:00:00,01/01/1900 22:00:00,anon_imo_194,88.0,13.0,0.0,5463.0
596,anon_provisional_686,anon_buque_687,anon_imo_195,03/04/2021 00:00:00,01/01/1900 21:00:00,03/05/2021 00:00:00,01/01/1900 22:00:00,anon_imo_195,90.0,14.4,12.0,5.83
597,anon_provisional_688,anon_buque_689,anon_imo_196,03/05/2021 00:00:00,01/01/1900 06:00:00,03/11/2021 00:00:00,01/01/1900 17:00:00,anon_imo_196,88.0,12.8,9.5,5460.0
598,anon_provisional_690,anon_buque_689,anon_imo_196,04/24/2021 00:00:00,01/01/1900 00:01:00,04/26/2021 00:00:00,01/01/1900 20:00:00,anon_imo_196,88.0,12.8,9.5,5460.0
599,anon_provisional_691,anon_buque_689,anon_imo_196,03/05/2021 00:00:00,01/01/1900 06:00:00,03/11/2021 00:00:00,01/01/1900 17:00:00,anon_imo_196,88.0,12.8,9.5,5460.0
600,anon_provisional_692,anon_buque_693,anon_imo_197,03/08/2021 00:00:00,01/01/1900 12:00:00,03/10/2021 00:00:00,01/01/1900 22:00:00,anon_imo_197,87.0,12.0,0.0,5498.0
601,anon_provisional_694,anon_buque_693,anon_imo_197,09/05/2021 00:00:00,01/01/1900 14:00:00,09/06/2021 00:00:00,01/01/1900 22:00:00,anon_imo_197,87.0,12.0,0.0,5498.0
603,anon_provisional_695,anon_buque_696,anon_imo_198,03/08/2021 00:00:00,01/01/1900 08:00:00,03/09/2021 00:00:00,01/01/1900 20:00:00,anon_imo_198,86.0,15.0,0.0,6350.0
604,anon_provisional_697,anon_buque_698,anon_imo_199,03/10/2021 00:00:00,01/01/1900 16:00:00,03/12/2021 00:00:00,01/01/1900 22:00:00,anon_imo_199,93.73,0.0,0.0,6.1
605,anon_provisional_699,anon_buque_700,anon_imo_200,05/30/2021 00:00:00,01/01/1900 11:00:00,05/31/2021 00:00:00,01/01/1900 14:00:00,anon_imo_200,109.0,16.8,,6.65
606,anon_provisional_701,anon_buque_702,anon_imo_201,06/03/2021 00:00:00,01/01/1900 22:00:00,06/06/2021 00:00:00,01/01/1900 22:00:00,anon_imo_201,88.0,12.0,0.0,5420.0
607,anon_provisional_703,anon_buque_704,anon_imo_202,06/13/2021 00:00:00,01/01/1900 22:00:00,06/15/2021 00:00:00,01/01/1900 16:00:00,anon_imo_202,140.0,16.0,0.0,5240.0
608,anon_provisional_705,anon_buque_706,anon_imo_203,06/13/2021 00:00:00,01/01/1900 06:00:00,06/14/2021 00:00:00,01/01/1900 20:00:00,anon_imo_203,80600.0,12700.0,0.0,4171.0
609,anon_provisional_707,anon_buque_708,anon_imo_204,06/13/2021 00:00:00,01/01/1900 08:00:00,06/14/2021 00:00:00,01/01/1900 08:00:00,anon_imo_204,115.0,18.0,0.0,7450.0
610,anon_provisional_709,anon_buque_710,anon_imo_205,06/15/2021 00:00:00,01/01/1900 09:00:00,06/17/2021 00:00:00,01/01/1900 11:00:00,anon_imo_205,89.9,14.5,10.5,5782.0
611,anon_provisional_711,anon_buque_712,anon_imo_206,04/26/2021 00:00:00,01/01/1900 01:00:00,04/29/2021 00:00:00,01/01/1900 22:00:00,anon_imo_206,110.0,14.0,0.0,6510.0
612,anon_provisional_713,anon_buque_712,anon_imo_206,04/26/2021 00:00:00,01/01/1900 01:00:00,04/29/2021 00:00:00,01/01/1900 22:00:00,anon_imo_206,110.0,14.0,0.0,6510.0
613,anon_provisional_714,anon_buque_715,anon_imo_207,05/03/2021 00:00:00,01/01/1900 22:00:00,05/05/2021 00:00:00,01/01/1900 20:00:00,anon_imo_207,119.5,14.99,13.0,7186.0
614,anon_provisional_716,anon_buque_717,anon_imo_208,05/13/2021 00:00:00,01/01/1900 22:00:00,05/17/2021 00:00:00,01/01/1900 20:00:00,anon_imo_208,106.4,15.2,12.0,5.9
615,anon_provisional_718,anon_buque_719,anon_imo_209,05/17/2021 00:00:00,01/01/1900 17:00:00,05/20/2021 00:00:00,01/01/1900 20:00:00,anon_imo_209,141.0,16.9,,4.7
616,anon_provisional_720,anon_buque_721,anon_imo_210,05/30/2021 00:00:00,01/01/1900 05:00:00,06/05/2021 00:00:00,01/01/1900 08:00:00,anon_imo_210,119.0,16.0,0.0,6280.0
617,anon_provisional_722,anon_buque_723,anon_imo_211,06/16/2021 00:00:00,01/01/1900 06:00:00,06/18/2021 00:00:00,01/01/1900 20:00:00,anon_imo_211,89.0,15.0,0.0,5100.0
618,anon_provisional_724,anon_buque_723,anon_imo_211,04/10/2021 00:00:00,01/01/1900 06:00:00,04/12/2021 00:00:00,01/01/1900 22:00:00,anon_imo_211,89.0,15.0,0.0,5100.0
619,anon_provisional_725,anon_buque_726,anon_imo_212,12/26/2021 00:00:00,01/01/1900 08:00:00,12/30/2021 00:00:00,01/01/1900 23:00:00,anon_imo_212,89250.0,13300.0,0.0,5670.0
620,anon_provisional_727,anon_buque_728,anon_imo_213,01/08/2021 00:00:00,01/01/1900 00:00:00,01/17/2021 00:00:00,01/01/1900 18:00:00,anon_imo_213,140.0,16.0,0.0,5240.0
621,anon_provisional_729,anon_buque_728,anon_imo_213,01/08/2021 00:00:00,01/01/1900 00:00:00,01/17/2021 00:00:00,01/01/1900 18:00:00,anon_imo_213,140.0,16.0,0.0,5240.0
622,anon_provisional_730,anon_buque_731,anon_imo_214,01/09/2021 00:00:00,01/01/1900 12:00:00,01/14/2021 00:00:00,01/01/1900 22:00:00,anon_imo_214,137.03,23.0,0.0,8329.0
623,anon_provisional_732,anon_buque_731,anon_imo_214,02/09/2021 00:00:00,01/01/1900 20:00:00,02/13/2021 00:00:00,01/01/1900 14:00:00,anon_imo_214,137.03,23.0,0.0,8329.0
624,anon_provisional_733,anon_buque_734,anon_imo_215,06/17/2021 00:00:00,01/01/1900 21:00:00,06/21/2021 00:00:00,01/01/1900 21:00:00,anon_imo_215,100.0,16.9,0.0,5910.0
625,anon_provisional_735,anon_buque_736,anon_imo_216,06/27/2021 00:00:00,01/01/1900 18:00:00,07/01/2021 00:00:00,01/01/1900 22:00:00,anon_imo_216,88.8,13.5,0.0,6.71
626,anon_provisional_737,anon_buque_738,anon_imo_217,07/02/2021 00:00:00,01/01/1900 09:00:00,07/05/2021 00:00:00,01/01/1900 22:00:00,anon_imo_217,100.0,16.0,0.0,6390.0
627,anon_provisional_739,anon_buque_738,anon_imo_217,12/23/2021 00:00:00,01/01/1900 12:00:00,12/24/2021 00:00:00,01/01/1900 22:00:00,anon_imo_217,100.0,16.0,0.0,6390.0
628,anon_provisional_740,anon_buque_741,anon_imo_218,07/08/2021 00:00:00,01/01/1900 19:30:00,07/09/2021 00:00:00,01/01/1900 22:00:00,anon_imo_218,89.0,14.0,11.0,5830.0
629,anon_provisional_742,anon_buque_743,anon_imo_219,07/19/2021 00:00:00,01/01/1900 10:00:00,07/21/2021 00:00:00,01/01/1900 19:00:00,anon_imo_219,89.0,13.0,0.0,5678.0
630,anon_provisional_744,anon_buque_745,anon_imo_220,07/20/2021 00:00:00,01/01/1900 12:00:00,07/22/2021 00:00:00,01/01/1900 08:00:00,anon_imo_220,107.0,15.0,0.0,6580.0
631,anon_provisional_746,anon_buque_747,anon_imo_221,03/19/2021 00:00:00,01/01/1900 12:00:00,03/20/2021 00:00:00,01/01/1900 19:00:00,anon_imo_221,139.9,16.8,,4.6
632,anon_provisional_748,anon_buque_749,anon_imo_222,03/19/2021 00:00:00,01/01/1900 05:00:00,03/20/2021 00:00:00,01/01/1900 23:00:00,anon_imo_222,89.0,14.0,0.0,6270.0
633,anon_provisional_750,anon_buque_751,anon_imo_223,03/22/2021 00:00:00,01/01/1900 09:00:00,03/23/2021 00:00:00,01/01/1900 22:00:00,anon_imo_223,87.9,12.8,9.5,5498.0
634,anon_provisional_752,anon_buque_753,anon_imo_224,03/23/2021 00:00:00,01/01/1900 21:00:00,03/25/2021 00:00:00,01/01/1900 22:00:00,anon_imo_224,89.88,15.41,10.0,5.8
635,anon_provisional_754,anon_buque_753,anon_imo_224,04/13/2021 00:00:00,01/01/1900 06:00:00,04/14/2021 00:00:00,01/01/1900 22:00:00,anon_imo_224,89.88,15.41,10.0,5.8
636,anon_provisional_755,anon_buque_756,anon_imo_225,03/24/2021 00:00:00,01/01/1900 21:00:00,03/25/2021 00:00:00,01/01/1900 22:00:00,anon_imo_225,96.0,15.0,0.0,6200.0
637,anon_provisional_757,anon_buque_758,anon_imo_226,03/24/2021 00:00:00,01/01/1900 08:00:00,03/30/2021 00:00:00,01/01/1900 22:00:00,anon_imo_226,130.0,18.6,,
638,anon_provisional_759,anon_buque_760,anon_imo_227,03/29/2021 00:00:00,01/01/1900 07:00:00,03/30/2021 00:00:00,01/01/1900 08:00:00,anon_imo_227,119.0,16.9,0.0,6.76
639,anon_provisional_761,anon_buque_762,anon_imo_228,03/31/2021 00:00:00,01/01/1900 22:00:00,04/05/2021 00:00:00,01/01/1900 20:00:00,anon_imo_228,96.3,13.4,8.5,5.2
640,anon_provisional_763,anon_buque_764,anon_imo_229,11/02/2021 00:00:00,01/01/1900 06:01:00,11/02/2021 00:00:00,01/01/1900 23:00:00,anon_imo_229,100.0,16.0,0.0,5911.0
641,anon_provisional_765,anon_buque_766,anon_imo_230,11/11/2021 00:00:00,01/01/1900 20:00:00,11/12/2021 00:00:00,01/01/1900 23:00:00,anon_imo_230,88.6,12.5,0.0,5420.0
642,anon_provisional_767,anon_buque_768,anon_imo_231,11/27/2021 00:00:00,01/01/1900 22:00:00,12/02/2021 00:00:00,01/01/1900 23:00:00,anon_imo_231,108.2,18.2,11.0,7.1
643,anon_provisional_769,anon_buque_770,anon_imo_232,09/09/2021 00:00:00,01/01/1900 21:00:00,09/13/2021 00:00:00,01/01/1900 23:00:00,anon_imo_232,82.0,12.0,0.0,5285.0
644,anon_provisional_771,anon_buque_772,anon_imo_233,10/05/2021 00:00:00,01/01/1900 20:00:00,10/06/2021 00:00:00,01/01/1900 21:00:00,anon_imo_233,88.0,13.0,0.0,4913.0
645,anon_provisional_773,anon_buque_774,anon_imo_234,10/06/2021 00:00:00,01/01/1900 07:00:00,10/07/2021 00:00:00,01/01/1900 23:00:00,anon_imo_234,93.62,14.55,11.0,6.08
646,anon_provisional_775,anon_buque_449,anon_imo_235,08/04/2021 00:00:00,01/01/1900 11:00:00,08/05/2021 00:00:00,01/01/1900 23:00:00,anon_imo_235,95.16,13.17,10.5,6.19
647,anon_provisional_776,anon_buque_777,anon_imo_236,08/23/2021 00:00:00,01/01/1900 14:00:00,08/25/2021 00:00:00,01/01/1900 23:00:00,anon_imo_236,145.0,22.0,,5.6
648,anon_provisional_778,anon_buque_779,anon_imo_237,09/01/2021 00:00:00,01/01/1900 17:00:00,09/04/2021 00:00:00,01/01/1900 23:00:00,anon_imo_237,82.0,12.0,0.0,5340.0
649,anon_provisional_780,anon_buque_781,anon_imo_238,07/03/2021 00:00:00,01/01/1900 20:00:00,07/05/2021 00:00:00,01/01/1900 23:00:00,anon_imo_238,90.0,14.0,0.0,5.67
650,anon_provisional_782,anon_buque_781,anon_imo_238,07/03/2021 00:00:00,01/01/1900 14:00:00,07/07/2021 00:00:00,01/01/1900 20:00:00,anon_imo_238,90.0,14.0,0.0,5.67
651,anon_provisional_783,anon_buque_784,anon_imo_239,06/13/2021 00:00:00,01/01/1900 23:00:00,06/15/2021 00:00:00,01/01/1900 23:00:00,anon_imo_239,99.0,14.0,0.0,6200.0
652,anon_provisional_785,anon_buque_784,anon_imo_239,09/13/2021 00:00:00,01/01/1900 22:00:00,09/15/2021 00:00:00,01/01/1900 22:00:00,anon_imo_239,99.0,14.0,0.0,6200.0
653,anon_provisional_786,anon_buque_787,anon_imo_240,06/28/2021 00:00:00,01/01/1900 12:00:00,07/02/2021 00:00:00,01/01/1900 23:00:00,anon_imo_240,121.0,16.0,0.0,5060.0
654,anon_provisional_788,anon_buque_787,anon_imo_240,06/28/2021 00:00:00,01/01/1900 12:00:00,07/02/2021 00:00:00,01/01/1900 23:00:00,anon_imo_240,121.0,16.0,0.0,5060.0
655,anon_provisional_789,anon_buque_790,anon_imo_241,05/04/2021 00:00:00,01/01/1900 00:00:00,05/04/2021 00:00:00,01/01/1900 23:00:00,anon_imo_241,89.0,12.0,0.0,5.0
656,anon_provisional_791,anon_buque_792,anon_imo_242,05/28/2021 00:00:00,01/01/1900 08:00:00,05/31/2021 00:00:00,01/01/1900 23:00:00,anon_imo_242,123.17,16.75,11.0,7.1
657,anon_provisional_793,anon_buque_794,anon_imo_243,04/04/2021 00:00:00,01/01/1900 18:00:00,04/05/2021 00:00:00,01/01/1900 23:00:00,anon_imo_243,87.0,11.0,0.0,4150.0
658,anon_provisional_795,anon_buque_794,anon_imo_243,08/08/2021 00:00:00,01/01/1900 12:00:00,08/10/2021 00:00:00,01/01/1900 22:00:00,anon_imo_243,87.0,11.0,0.0,4150.0
659,anon_provisional_796,anon_buque_797,anon_imo_244,04/23/2021 00:00:00,01/01/1900 21:00:00,04/25/2021 00:00:00,01/01/1900 06:00:00,anon_imo_244,120.45,14.99,0.0,7.2
660,anon_provisional_798,anon_buque_799,anon_imo_245,12/19/2021 00:00:00,01/01/1900 22:00:00,12/20/2021 00:00:00,01/01/1900 22:00:00,anon_imo_245,95.47,11.42,10.0,4500.0
661,anon_provisional_800,anon_buque_801,anon_imo_246,12/27/2021 00:00:00,01/01/1900 13:00:00,12/29/2021 00:00:00,01/01/1900 15:00:00,anon_imo_246,106.07,15.5,0.0,6630.0
662,anon_provisional_802,anon_buque_803,anon_imo_247,02/01/2021 00:00:00,01/01/1900 05:00:00,02/03/2021 00:00:00,01/01/1900 20:00:00,anon_imo_247,119.0,16.0,0.0,6280.0
663,anon_provisional_804,anon_buque_805,anon_imo_248,01/11/2021 00:00:00,01/01/1900 15:00:00,01/13/2021 00:00:00,01/01/1900 22:00:00,anon_imo_248,99.0,12.0,0.0,5666.0
664,anon_provisional_806,anon_buque_807,anon_imo_249,01/24/2021 00:00:00,01/01/1900 12:00:00,01/26/2021 00:00:00,01/01/1900 22:00:00,anon_imo_249,87.0,12.0,0.0,5300.0
665,anon_provisional_808,anon_buque_807,anon_imo_249,06/17/2021 00:00:00,01/01/1900 02:00:00,06/22/2021 00:00:00,01/01/1900 14:00:00,anon_imo_249,87.0,12.0,0.0,5300.0
666,anon_provisional_809,anon_buque_807,anon_imo_249,11/13/2021 00:00:00,01/01/1900 02:00:00,11/16/2021 00:00:00,01/01/1900 22:00:00,anon_imo_249,87.0,12.0,0.0,5300.0
667,anon_provisional_810,anon_buque_811,anon_imo_250,02/03/2021 00:00:00,01/01/1900 15:00:00,02/04/2021 00:00:00,01/01/1900 19:00:00,anon_imo_250,89.0,12.0,0.0,5550.0
668,anon_provisional_812,anon_buque_813,anon_imo_251,02/10/2021 00:00:00,01/01/1900 08:00:00,02/11/2021 00:00:00,01/01/1900 22:00:00,anon_imo_251,87.4,15.2,12.5,6260.0
669,anon_provisional_814,anon_buque_815,anon_imo_252,06/21/2021 00:00:00,01/01/1900 04:00:00,06/22/2021 00:00:00,01/01/1900 20:00:00,anon_imo_252,99.0,15.0,0.0,6220.0
670,anon_provisional_816,anon_buque_817,anon_imo_253,06/22/2021 00:00:00,01/01/1900 11:30:00,06/24/2021 00:00:00,01/01/1900 23:00:00,anon_imo_253,86.0,13.0,0.0,5560.0
671,anon_provisional_818,anon_buque_817,anon_imo_253,06/22/2021 00:00:00,01/01/1900 11:30:00,06/24/2021 00:00:00,01/01/1900 23:00:00,anon_imo_253,86.0,13.0,0.0,5560.0
672,anon_provisional_819,anon_buque_820,anon_imo_254,06/28/2021 00:00:00,01/01/1900 10:00:00,07/02/2021 00:00:00,01/01/1900 22:00:00,anon_imo_254,122.0,14.0,0.0,6500.0
673,anon_provisional_821,anon_buque_820,anon_imo_254,06/28/2021 00:00:00,01/01/1900 10:00:00,07/02/2021 00:00:00,01/01/1900 22:00:00,anon_imo_254,122.0,14.0,0.0,6500.0
674,anon_provisional_822,anon_buque_823,anon_imo_255,05/17/2021 00:00:00,01/01/1900 18:30:00,05/19/2021 00:00:00,01/01/1900 21:00:00,anon_imo_255,136.43,21.2,12.5,8350.0
675,anon_provisional_824,anon_buque_825,anon_imo_256,05/22/2021 00:00:00,01/01/1900 08:00:00,05/24/2021 00:00:00,01/01/1900 03:00:00,anon_imo_256,99890.0,16600.0,0.0,6700.0
676,anon_provisional_826,anon_buque_827,anon_imo_257,05/23/2021 00:00:00,01/01/1900 12:00:00,05/24/2021 00:00:00,01/01/1900 19:00:00,anon_imo_257,88.0,13.0,0.0,6105.0
677,anon_provisional_828,anon_buque_827,anon_imo_257,10/06/2021 00:00:00,01/01/1900 20:00:00,10/08/2021 00:00:00,01/01/1900 22:00:00,anon_imo_257,88.0,13.0,0.0,6105.0
678,anon_provisional_829,anon_buque_830,anon_imo_258,06/01/2021 00:00:00,01/01/1900 03:30:00,06/09/2021 00:00:00,01/01/1900 19:00:00,anon_imo_258,89.9,14.5,0.0,6300.0
679,anon_provisional_831,anon_buque_832,anon_imo_259,04/24/2021 00:00:00,01/01/1900 14:00:00,04/25/2021 00:00:00,01/01/1900 15:00:00,anon_imo_259,89.0,14.0,0.0,6270.0
680,anon_provisional_833,anon_buque_832,anon_imo_259,12/14/2021 00:00:00,01/01/1900 20:00:00,12/16/2021 00:00:00,01/01/1900 23:00:00,anon_imo_259,89.0,14.0,0.0,6270.0
681,anon_provisional_834,anon_buque_835,anon_imo_260,05/04/2021 00:00:00,01/01/1900 08:00:00,05/06/2021 00:00:00,01/01/1900 18:00:00,anon_imo_260,108.0,18.0,0.0,7010.0
682,anon_provisional_836,anon_buque_837,anon_imo_261,05/05/2021 00:00:00,01/01/1900 04:00:00,05/06/2021 00:00:00,01/01/1900 02:00:00,anon_imo_261,122.0,17.0,0.0,5.06
683,anon_provisional_838,anon_buque_839,anon_imo_262,05/05/2021 00:00:00,01/01/1900 16:00:00,05/08/2021 00:00:00,01/01/1900 22:00:00,anon_imo_262,119.0,14.0,0.0,7186.0
684,anon_provisional_840,anon_buque_839,anon_imo_262,07/16/2021 00:00:00,01/01/1900 22:00:00,07/18/2021 00:00:00,01/01/1900 22:00:00,anon_imo_262,119.0,14.0,0.0,7186.0
685,anon_provisional_841,anon_buque_842,anon_imo_263,05/07/2021 00:00:00,01/01/1900 08:00:00,05/09/2021 00:00:00,01/01/1900 12:00:00,anon_imo_263,108.17,18.2,0.0,7.01
686,anon_provisional_843,anon_buque_844,anon_imo_264,05/09/2021 00:00:00,01/01/1900 10:00:00,05/12/2021 00:00:00,01/01/1900 12:00:00,anon_imo_264,118.0,13.0,0.0,6080.0
687,anon_provisional_845,anon_buque_846,anon_imo_265,03/25/2021 00:00:00,01/01/1900 07:00:00,03/29/2021 00:00:00,01/01/1900 22:00:00,anon_imo_265,89.95,14.4,11.0,5.8
688,anon_provisional_847,anon_buque_848,anon_imo_266,04/12/2021 00:00:00,01/01/1900 18:00:00,04/13/2021 00:00:00,01/01/1900 19:00:00,anon_imo_266,89.0,13.0,0.0,6000.0
689,anon_provisional_849,anon_buque_850,anon_imo_267,04/20/2021 00:00:00,01/01/1900 20:00:00,04/23/2021 00:00:00,01/01/1900 16:00:00,anon_imo_267,89.0,15.0,0.0,6130.0
690,anon_provisional_851,anon_buque_852,anon_imo_268,02/19/2021 00:00:00,01/01/1900 05:00:00,02/20/2021 00:00:00,01/01/1900 22:00:00,anon_imo_268,120.0,17.0,0.0,6370.0
691,anon_provisional_853,anon_buque_854,anon_imo_269,02/27/2021 00:00:00,01/01/1900 02:00:00,03/02/2021 00:00:00,01/01/1900 22:00:00,anon_imo_269,87.88,13.6,0.0,7.7
692,anon_provisional_855,anon_buque_856,anon_imo_270,03/11/2021 00:00:00,01/01/1900 21:00:00,03/13/2021 00:00:00,01/01/1900 16:00:00,anon_imo_270,89.95,14.4,0.0,6220.0
693,anon_provisional_857,anon_buque_858,anon_imo_271,03/18/2021 00:00:00,01/01/1900 15:00:00,03/20/2021 00:00:00,01/01/1900 16:00:00,anon_imo_271,89.95,14.4,0.0,6.21
694,anon_provisional_859,anon_buque_860,anon_imo_272,11/21/2021 00:00:00,01/01/1900 10:00:00,11/25/2021 00:00:00,01/01/1900 09:00:00,anon_imo_272,19.0,6.0,0.0,2130.0
695,anon_provisional_861,anon_buque_860,anon_imo_272,11/29/2021 00:00:00,01/01/1900 10:00:00,12/10/2021 00:00:00,01/01/1900 15:00:00,anon_imo_272,19.0,6.0,0.0,2130.0
696,anon_provisional_862,anon_buque_860,anon_imo_272,12/11/2021 00:00:00,01/01/1900 10:00:00,01/14/2022 00:00:00,01/01/1900 09:00:00,anon_imo_272,19.0,6.0,0.0,2130.0
697,anon_provisional_863,anon_buque_864,anon_imo_273,11/24/2021 00:00:00,01/01/1900 08:00:00,02/04/2022 00:00:00,01/01/1900 09:00:00,anon_imo_273,82.0,16.0,0.0,4490.0
698,anon_provisional_865,anon_buque_866,anon_imo_274,01/01/2021 00:00:00,01/01/1900 20:00:00,01/10/2021 00:00:00,01/01/1900 10:00:00,anon_imo_274,45.5,9.7,,3.45
699,anon_provisional_867,anon_buque_866,anon_imo_274,01/01/2021 00:00:00,01/01/1900 06:00:00,01/10/2021 00:00:00,01/01/1900 20:00:00,anon_imo_274,45.5,9.7,,3.45
702,anon_provisional_868,anon_buque_869,anon_imo_275,04/15/2021 00:00:00,01/01/1900 20:00:00,04/18/2021 00:00:00,01/01/1900 20:00:00,anon_imo_275,151.0,25.0,0.0,5670.0
703,anon_provisional_870,anon_buque_871,anon_imo_276,05/20/2021 00:00:00,01/01/1900 22:00:00,05/25/2021 00:00:00,01/01/1900 20:00:00,anon_imo_276,104.0,13.0,0.0,6190.0
704,anon_provisional_872,anon_buque_873,anon_imo_277,06/22/2021 00:00:00,01/01/1900 10:00:00,06/24/2021 00:00:00,01/01/1900 13:00:00,anon_imo_277,89.95,14.55,12.0,5844.0
706,anon_provisional_874,anon_buque_875,anon_imo_278,11/15/2021 00:00:00,01/01/1900 09:00:00,11/19/2021 00:00:00,01/01/1900 15:00:00,anon_imo_278,60.0,12.9,,4.75
708,anon_provisional_876,anon_buque_877,anon_imo_279,08/03/2021 00:00:00,01/01/1900 12:00:00,08/06/2021 00:00:00,01/01/1900 22:00:00,anon_imo_279,81.34,11.3,0.0,4700.0
710,anon_provisional_878,anon_buque_879,anon_imo_280,08/08/2021 00:00:00,01/01/1900 08:00:00,08/09/2021 00:00:00,01/01/1900 08:00:00,anon_imo_280,105.0,16.0,0.0,6290.0
711,anon_provisional_880,anon_buque_881,anon_imo_281,08/12/2021 00:00:00,01/01/1900 05:00:00,08/12/2021 00:00:00,01/01/1900 21:00:00,anon_imo_281,126.7,19.7,14.0,7.7
712,anon_provisional_882,anon_buque_883,anon_imo_282,12/29/2021 00:00:00,01/01/1900 08:00:00,01/03/2022 00:00:00,01/01/1900 10:00:00,anon_imo_282,42.0,8.6,,2.71
713,anon_provisional_884,anon_buque_885,anon_imo_283,12/14/2021 00:00:00,01/01/1900 05:00:00,12/16/2021 00:00:00,01/01/1900 15:00:00,anon_imo_283,89.5,13.7,11.0,6000.0
714,anon_provisional_886,anon_buque_887,anon_imo_284,12/17/2021 00:00:00,01/01/1900 06:00:00,12/23/2021 00:00:00,01/01/1900 22:00:00,anon_imo_284,112.7,17.6,,7.2
715,anon_provisional_888,anon_buque_889,anon_imo_285,12/17/2021 00:00:00,01/01/1900 06:00:00,12/21/2021 00:00:00,01/01/1900 21:00:00,anon_imo_285,126.0,15.0,14.0,6980.0
716,anon_provisional_890,anon_buque_891,anon_imo_286,12/19/2021 00:00:00,01/01/1900 12:00:00,12/21/2021 00:00:00,01/01/1900 23:00:00,anon_imo_286,125.15,16.4,12.0,7.15
717,anon_provisional_892,anon_buque_893,anon_imo_287,12/21/2021 00:00:00,01/01/1900 08:00:00,12/23/2021 00:00:00,01/01/1900 15:00:00,anon_imo_287,86.0,15.0,0.0,6350.0
718,anon_provisional_894,anon_buque_893,anon_imo_287,04/26/2021 00:00:00,01/01/1900 22:00:00,04/27/2021 00:00:00,01/01/1900 23:00:00,anon_imo_287,86.0,15.0,0.0,6350.0
719,anon_provisional_895,anon_buque_896,anon_imo_288,12/24/2021 00:00:00,01/01/1900 11:00:00,12/27/2021 00:00:00,01/01/1900 21:00:00,anon_imo_288,87.82,12.9,0.0,5606.0
720,anon_provisional_897,anon_buque_898,anon_imo_289,12/25/2021 00:00:00,01/01/1900 22:00:00,12/28/2021 00:00:00,01/01/1900 15:00:00,anon_imo_289,89.95,14.4,0.0,6.4
721,anon_provisional_899,anon_buque_900,anon_imo_290,08/25/2021 00:00:00,01/01/1900 00:01:00,10/31/2021 00:00:00,01/01/1900 00:00:00,anon_imo_290,23.8,11.0,,4.8
722,anon_provisional_901,anon_buque_902,anon_imo_291,08/31/2021 00:00:00,01/01/1900 23:00:00,09/02/2021 00:00:00,01/01/1900 04:00:00,anon_imo_291,140.64,21.8,,7.35
723,anon_provisional_903,anon_buque_902,anon_imo_291,09/08/2021 00:00:00,01/01/1900 08:00:00,09/08/2021 00:00:00,01/01/1900 21:00:00,anon_imo_291,140.64,21.8,,7.35
724,anon_provisional_904,anon_buque_905,anon_imo_292,10/29/2021 00:00:00,01/01/1900 12:00:00,10/30/2021 00:00:00,01/01/1900 22:00:00,anon_imo_292,99.0,15.0,0.0,6220.0
725,anon_provisional_906,anon_buque_905,anon_imo_292,06/16/2021 00:00:00,01/01/1900 22:00:00,06/18/2021 00:00:00,01/01/1900 22:00:00,anon_imo_292,99.0,15.0,0.0,6220.0
726,anon_provisional_907,anon_buque_908,anon_imo_293,11/05/2021 00:00:00,01/01/1900 06:30:00,11/05/2021 00:00:00,01/01/1900 22:00:00,anon_imo_293,89.0,12.0,0.0,4700.0
727,anon_provisional_909,anon_buque_910,anon_imo_294,11/10/2021 00:00:00,01/01/1900 12:00:00,11/11/2021 00:00:00,01/01/1900 22:22:00,anon_imo_294,89.0,14.0,0.0,6100.0
728,anon_provisional_911,anon_buque_912,anon_imo_295,11/17/2021 00:00:00,01/01/1900 18:00:00,11/19/2021 00:00:00,01/01/1900 20:00:00,anon_imo_295,108.2,18.2,11.0,7060.0
729,anon_provisional_913,anon_buque_914,anon_imo_296,02/05/2021 00:00:00,01/01/1900 03:00:00,02/06/2021 00:00:00,01/01/1900 15:00:00,anon_imo_296,129.5,19.8,,8.15
730,anon_provisional_915,anon_buque_916,anon_imo_297,02/13/2021 00:00:00,01/01/1900 04:00:00,02/13/2021 00:00:00,01/01/1900 20:00:00,anon_imo_297,103.0,16.0,13.5,7010.0
731,anon_provisional_917,anon_buque_918,anon_imo_298,02/14/2021 00:00:00,01/01/1900 13:00:00,02/15/2021 00:00:00,01/01/1900 22:00:00,anon_imo_298,87.9,12.8,10.0,5.6
732,anon_provisional_919,anon_buque_920,anon_imo_299,02/16/2021 00:00:00,01/01/1900 20:00:00,02/19/2021 00:00:00,01/01/1900 20:00:00,anon_imo_299,112.0,17.2,0.0,6900.0
733,anon_provisional_921,anon_buque_922,anon_imo_300,02/18/2021 00:00:00,01/01/1900 19:00:00,02/22/2021 00:00:00,01/01/1900 22:00:00,anon_imo_300,132.1,18.4,0.0,7.78
734,anon_provisional_923,anon_buque_924,anon_imo_301,04/26/2021 00:00:00,01/01/1900 20:00:00,04/28/2021 00:00:00,01/01/1900 23:00:00,anon_imo_301,88.0,12.0,0.0,4350.0
735,anon_provisional_925,anon_buque_926,anon_imo_302,12/27/2021 00:00:00,01/01/1900 05:00:00,12/30/2021 00:00:00,01/01/1900 20:00:00,anon_imo_302,104.0,12.0,0.0,5600.0
736,anon_provisional_927,anon_buque_928,anon_imo_303,01/19/2021 00:00:00,01/01/1900 22:00:00,01/20/2021 00:00:00,01/01/1900 23:00:00,anon_imo_303,99.0,15.0,0.0,6196.0
737,anon_provisional_929,anon_buque_930,anon_imo_304,02/18/2021 00:00:00,01/01/1900 16:00:00,02/19/2021 00:00:00,01/01/1900 20:00:00,anon_imo_304,100.0,15.0,0.0,4880.0
738,anon_provisional_931,anon_buque_930,anon_imo_304,02/20/2021 00:00:00,01/01/1900 16:00:00,02/22/2021 00:00:00,01/01/1900 20:00:00,anon_imo_304,100.0,15.0,0.0,4880.0
739,anon_provisional_932,anon_buque_930,anon_imo_304,02/03/2021 00:00:00,01/01/1900 18:00:00,02/04/2021 00:00:00,01/01/1900 20:00:00,anon_imo_304,100.0,15.0,0.0,4880.0
740,anon_provisional_933,anon_buque_930,anon_imo_304,02/05/2021 00:00:00,01/01/1900 16:00:00,02/06/2021 00:00:00,01/01/1900 18:00:00,anon_imo_304,100.0,15.0,0.0,4880.0
741,anon_provisional_934,anon_buque_930,anon_imo_304,02/07/2021 00:00:00,01/01/1900 16:00:00,02/08/2021 00:00:00,01/01/1900 18:00:00,anon_imo_304,100.0,15.0,0.0,4880.0
742,anon_provisional_935,anon_buque_930,anon_imo_304,02/09/2021 00:00:00,01/01/1900 16:00:00,02/10/2021 00:00:00,01/01/1900 19:00:00,anon_imo_304,100.0,15.0,0.0,4880.0
743,anon_provisional_936,anon_buque_930,anon_imo_304,02/11/2021 00:00:00,01/01/1900 16:00:00,02/12/2021 00:00:00,01/01/1900 19:00:00,anon_imo_304,100.0,15.0,0.0,4880.0
744,anon_provisional_937,anon_buque_930,anon_imo_304,02/13/2021 00:00:00,01/01/1900 16:00:00,02/15/2021 00:00:00,01/01/1900 19:00:00,anon_imo_304,100.0,15.0,0.0,4880.0
745,anon_provisional_938,anon_buque_930,anon_imo_304,02/16/2021 00:00:00,01/01/1900 16:00:00,02/17/2021 00:00:00,01/01/1900 20:00:00,anon_imo_304,100.0,15.0,0.0,4880.0
746,anon_provisional_939,anon_buque_930,anon_imo_304,01/01/2021 00:00:00,01/01/1900 16:00:00,01/02/2021 00:00:00,01/01/1900 20:00:00,anon_imo_304,100.0,15.0,0.0,4880.0
747,anon_provisional_940,anon_buque_930,anon_imo_304,01/03/2021 00:00:00,01/01/1900 16:00:00,01/05/2021 00:00:00,01/01/1900 16:00:00,anon_imo_304,100.0,15.0,0.0,4880.0
748,anon_provisional_941,anon_buque_930,anon_imo_304,01/06/2021 00:00:00,01/01/1900 16:00:00,01/08/2021 00:00:00,01/01/1900 19:00:00,anon_imo_304,100.0,15.0,0.0,4880.0
749,anon_provisional_942,anon_buque_930,anon_imo_304,01/09/2021 00:00:00,01/01/1900 16:00:00,01/11/2021 00:00:00,01/01/1900 19:00:00,anon_imo_304,100.0,15.0,0.0,4880.0
750,anon_provisional_943,anon_buque_930,anon_imo_304,01/12/2021 00:00:00,01/01/1900 16:00:00,01/13/2021 00:00:00,01/01/1900 18:00:00,anon_imo_304,100.0,15.0,0.0,4880.0
751,anon_provisional_944,anon_buque_930,anon_imo_304,01/14/2021 00:00:00,01/01/1900 14:00:00,01/15/2021 00:00:00,01/01/1900 18:00:00,anon_imo_304,100.0,15.0,0.0,4880.0
752,anon_provisional_945,anon_buque_930,anon_imo_304,01/16/2021 00:00:00,01/01/1900 16:00:00,01/18/2021 00:00:00,01/01/1900 18:00:00,anon_imo_304,100.0,15.0,0.0,4880.0
753,anon_provisional_946,anon_buque_930,anon_imo_304,01/19/2021 00:00:00,01/01/1900 16:00:00,01/20/2021 00:00:00,01/01/1900 18:00:00,anon_imo_304,100.0,15.0,0.0,4880.0
754,anon_provisional_947,anon_buque_930,anon_imo_304,01/21/2021 00:00:00,01/01/1900 16:00:00,01/22/2021 00:00:00,01/01/1900 20:00:00,anon_imo_304,100.0,15.0,0.0,4880.0
755,anon_provisional_948,anon_buque_930,anon_imo_304,01/23/2021 00:00:00,01/01/1900 16:00:00,01/25/2021 00:00:00,01/01/1900 18:00:00,anon_imo_304,100.0,15.0,0.0,4880.0
756,anon_provisional_949,anon_buque_930,anon_imo_304,01/26/2021 00:00:00,01/01/1900 16:00:00,01/27/2021 00:00:00,01/01/1900 18:00:00,anon_imo_304,100.0,15.0,0.0,4880.0
757,anon_provisional_950,anon_buque_930,anon_imo_304,01/28/2021 00:00:00,01/01/1900 16:00:00,01/29/2021 00:00:00,01/01/1900 18:00:00,anon_imo_304,100.0,15.0,0.0,4880.0
758,anon_provisional_951,anon_buque_930,anon_imo_304,01/28/2021 00:00:00,01/01/1900 16:00:00,01/29/2021 00:00:00,01/01/1900 22:00:00,anon_imo_304,100.0,15.0,0.0,4880.0
759,anon_provisional_952,anon_buque_930,anon_imo_304,01/30/2021 00:00:00,01/01/1900 16:00:00,02/01/2021 00:00:00,01/01/1900 18:00:00,anon_imo_304,100.0,15.0,0.0,4880.0
760,anon_provisional_953,anon_buque_954,anon_imo_305,02/19/2021 00:00:00,01/01/1900 16:00:00,02/20/2021 00:00:00,01/01/1900 18:00:00,anon_imo_305,90.0,15.0,0.0,4630.0
761,anon_provisional_955,anon_buque_954,anon_imo_305,02/04/2021 00:00:00,01/01/1900 16:00:00,02/05/2021 00:00:00,01/01/1900 20:00:00,anon_imo_305,90.0,15.0,0.0,4630.0
762,anon_provisional_956,anon_buque_954,anon_imo_305,02/06/2021 00:00:00,01/01/1900 16:00:00,02/09/2021 00:00:00,01/01/1900 19:00:00,anon_imo_305,90.0,15.0,0.0,4630.0
763,anon_provisional_957,anon_buque_954,anon_imo_305,02/10/2021 00:00:00,01/01/1900 16:00:00,02/11/2021 00:00:00,01/01/1900 19:00:00,anon_imo_305,90.0,15.0,0.0,4630.0
764,anon_provisional_958,anon_buque_954,anon_imo_305,02/12/2021 00:00:00,01/01/1900 16:00:00,02/13/2021 00:00:00,01/01/1900 18:00:00,anon_imo_305,90.0,15.0,0.0,4630.0
765,anon_provisional_959,anon_buque_954,anon_imo_305,02/14/2021 00:00:00,01/01/1900 16:00:00,02/16/2021 00:00:00,01/01/1900 19:00:00,anon_imo_305,90.0,15.0,0.0,4630.0
766,anon_provisional_960,anon_buque_954,anon_imo_305,02/02/2021 00:00:00,01/01/1900 16:00:00,02/03/2021 00:00:00,01/01/1900 20:00:00,anon_imo_305,90.0,15.0,0.0,4630.0
767,anon_provisional_961,anon_buque_954,anon_imo_305,02/17/2021 00:00:00,01/01/1900 16:00:00,02/18/2021 00:00:00,01/01/1900 20:00:00,anon_imo_305,90.0,15.0,0.0,4630.0
768,anon_provisional_962,anon_buque_954,anon_imo_305,01/22/2021 00:00:00,01/01/1900 16:00:00,01/25/2021 00:00:00,01/01/1900 08:00:00,anon_imo_305,90.0,15.0,0.0,4630.0
769,anon_provisional_963,anon_buque_954,anon_imo_305,01/24/2021 00:00:00,01/01/1900 16:00:00,01/26/2021 00:00:00,01/01/1900 18:00:00,anon_imo_305,90.0,15.0,0.0,4630.0
770,anon_provisional_964,anon_buque_954,anon_imo_305,01/27/2021 00:00:00,01/01/1900 16:00:00,01/28/2021 00:00:00,01/01/1900 18:00:00,anon_imo_305,90.0,15.0,0.0,4630.0
771,anon_provisional_965,anon_buque_954,anon_imo_305,01/29/2021 00:00:00,01/01/1900 16:00:00,01/30/2021 00:00:00,01/01/1900 18:00:00,anon_imo_305,90.0,15.0,0.0,4630.0
772,anon_provisional_966,anon_buque_954,anon_imo_305,01/31/2021 00:00:00,01/01/1900 16:00:00,02/01/2021 00:00:00,01/01/1900 19:00:00,anon_imo_305,90.0,15.0,0.0,4630.0
773,anon_provisional_967,anon_buque_954,anon_imo_305,02/21/2021 00:00:00,01/01/1900 12:00:00,02/23/2021 00:00:00,01/01/1900 22:00:00,anon_imo_305,90.0,15.0,0.0,4630.0
774,anon_provisional_968,anon_buque_969,anon_imo_306,01/26/2021 00:00:00,01/01/1900 14:00:00,01/27/2021 00:00:00,01/01/1900 12:00:00,anon_imo_306,87.0,12.0,0.0,5460.0
775,anon_provisional_970,anon_buque_971,anon_imo_307,02/04/2021 00:00:00,01/01/1900 08:00:00,03/19/2021 00:00:00,01/01/1900 10:30:00,anon_imo_307,126.0,15.0,0.0,7680.0
776,anon_provisional_972,anon_buque_973,anon_imo_308,09/25/2021 00:00:00,01/01/1900 01:00:00,09/27/2021 00:00:00,01/01/1900 18:30:00,anon_imo_308,100.0,14.0,0.0,3.0
777,anon_provisional_974,anon_buque_973,anon_imo_308,10/15/2021 00:00:00,01/01/1900 02:00:00,10/17/2021 00:00:00,01/01/1900 18:00:00,anon_imo_308,100.0,14.0,0.0,3.0
778,anon_provisional_975,anon_buque_976,anon_imo_309,10/03/2021 00:00:00,01/01/1900 23:30:00,10/04/2021 00:00:00,01/01/1900 18:30:00,anon_imo_309,131.46,18.0,0.0,4.7
779,anon_provisional_977,anon_buque_978,anon_imo_310,01/02/2021 00:00:00,01/01/1900 08:00:00,01/04/2021 00:00:00,01/01/1900 18:00:00,anon_imo_310,100.6,16.5,15.0,5.91
780,anon_provisional_979,anon_buque_978,anon_imo_310,01/05/2021 00:00:00,01/01/1900 16:00:00,01/07/2021 00:00:00,01/01/1900 16:00:00,anon_imo_310,100.6,16.5,15.0,5.91
781,anon_provisional_980,anon_buque_978,anon_imo_310,01/08/2021 00:00:00,01/01/1900 16:00:00,01/09/2021 00:00:00,01/01/1900 16:00:00,anon_imo_310,100.6,16.5,15.0,5.91
782,anon_provisional_981,anon_buque_978,anon_imo_310,01/10/2021 00:00:00,01/01/1900 14:00:00,01/12/2021 00:00:00,01/01/1900 18:00:00,anon_imo_310,100.6,16.5,15.0,5.91
783,anon_provisional_982,anon_buque_978,anon_imo_310,01/13/2021 00:00:00,01/01/1900 14:00:00,01/14/2021 00:00:00,01/01/1900 18:00:00,anon_imo_310,100.6,16.5,15.0,5.91
784,anon_provisional_983,anon_buque_978,anon_imo_310,01/15/2021 00:00:00,01/01/1900 14:00:00,01/16/2021 00:00:00,01/01/1900 18:00:00,anon_imo_310,100.6,16.5,15.0,5.91
785,anon_provisional_984,anon_buque_978,anon_imo_310,01/17/2021 00:00:00,01/01/1900 16:00:00,01/19/2021 00:00:00,01/01/1900 18:00:00,anon_imo_310,100.6,16.5,15.0,5.91
786,anon_provisional_985,anon_buque_978,anon_imo_310,01/22/2021 00:00:00,01/01/1900 22:00:00,01/23/2021 00:00:00,01/01/1900 15:00:00,anon_imo_310,100.6,16.5,15.0,5.91
787,anon_provisional_986,anon_buque_987,anon_imo_311,01/14/2021 00:00:00,01/01/1900 12:00:00,05/16/2021 00:00:00,01/01/1900 01:00:00,anon_imo_311,28.0,8.1,,3.0
788,anon_provisional_988,anon_buque_989,anon_imo_312,01/04/2021 00:00:00,01/01/1900 12:00:00,01/07/2021 00:00:00,01/01/1900 22:00:00,anon_imo_312,168.0,26.0,0.0,9536.0
789,anon_provisional_990,anon_buque_989,anon_imo_312,02/20/2021 00:00:00,01/01/1900 12:00:00,02/23/2021 00:00:00,01/01/1900 22:00:00,anon_imo_312,168.0,26.0,0.0,9536.0
790,anon_provisional_991,anon_buque_992,anon_imo_313,01/14/2021 00:00:00,01/01/1900 12:00:00,01/21/2021 00:00:00,01/01/1900 14:00:00,anon_imo_313,144.0,15.0,0.0,8000.0
791,anon_provisional_993,anon_buque_994,anon_imo_314,01/16/2021 00:00:00,01/01/1900 08:00:00,01/22/2021 00:00:00,01/01/1900 01:00:00,anon_imo_314,106.0,15.0,0.0,6630.0
792,anon_provisional_995,anon_buque_996,anon_imo_315,02/06/2021 00:00:00,01/01/1900 18:00:00,02/10/2021 00:00:00,01/01/1900 12:00:00,anon_imo_315,132.0,15.0,0.0,7800.0
793,anon_provisional_997,anon_buque_998,anon_imo_316,02/06/2021 00:00:00,01/01/1900 08:00:00,02/08/2021 00:00:00,01/01/1900 12:00:00,anon_imo_316,99.0,15.0,0.0,6180.0
794,anon_provisional_999,anon_buque_1000,anon_imo_317,04/20/2021 00:00:00,01/01/1900 12:00:00,04/21/2021 00:00:00,01/01/1900 14:00:00,anon_imo_317,118.0,13.0,0.0,6080.0
795,anon_provisional_1001,anon_buque_1002,anon_imo_318,04/27/2021 00:00:00,01/01/1900 04:00:00,04/29/2021 00:00:00,01/01/1900 22:00:00,anon_imo_318,118.0,15.0,0.0,7050.0
796,anon_provisional_1003,anon_buque_1004,anon_imo_319,05/06/2021 00:00:00,01/01/1900 12:00:00,05/07/2021 00:00:00,01/01/1900 22:00:00,anon_imo_319,89.0,13.0,0.0,5850.0
797,anon_provisional_1005,anon_buque_1006,anon_imo_320,05/10/2021 00:00:00,01/01/1900 08:00:00,05/10/2021 00:00:00,01/01/1900 18:00:00,anon_imo_320,122.02,18.7,0.0,6948.0
798,anon_provisional_1007,anon_buque_1008,anon_imo_321,05/21/2021 00:00:00,01/01/1900 12:00:00,05/22/2021 00:00:00,01/01/1900 15:00:00,anon_imo_321,89.0,14.0,0.0,6210.0
799,anon_provisional_1009,anon_buque_1010,anon_imo_322,06/08/2021 00:00:00,01/01/1900 14:00:00,06/09/2021 00:00:00,01/01/1900 22:00:00,anon_imo_322,112.0,17.0,0.0,6300.0
800,anon_provisional_1011,anon_buque_1012,anon_imo_323,06/19/2021 00:00:00,01/01/1900 08:00:00,06/21/2021 00:00:00,01/01/1900 22:00:00,anon_imo_323,124.5,19.0,0.0,7.71
801,anon_provisional_1013,anon_buque_1014,anon_imo_324,08/01/2021 00:00:00,01/01/1900 12:00:00,08/03/2021 00:00:00,01/01/1900 22:00:00,anon_imo_324,93.0,14.0,0.0,6327.0
802,anon_provisional_1015,anon_buque_1016,anon_imo_325,09/05/2021 00:00:00,01/01/1900 02:00:00,09/06/2021 00:00:00,01/01/1900 22:00:00,anon_imo_325,38.35,8.0,,
803,anon_provisional_1017,anon_buque_1016,anon_imo_325,09/05/2021 00:00:00,01/01/1900 02:00:00,09/06/2021 00:00:00,01/01/1900 22:00:00,anon_imo_325,38.35,8.0,,
804,anon_provisional_1018,anon_buque_1019,anon_imo_326,10/17/2021 00:00:00,01/01/1900 18:00:00,10/19/2021 00:00:00,01/01/1900 10:30:00,anon_imo_326,89.0,14.0,0.0,6220.0
805,anon_provisional_1020,anon_buque_1021,anon_imo_327,10/25/2021 00:00:00,01/01/1900 12:00:00,10/28/2021 00:00:00,01/01/1900 22:00:00,anon_imo_327,140.67,24.03,0.0,11.0
806,anon_provisional_1022,anon_buque_1023,anon_imo_328,10/27/2021 00:00:00,01/01/1900 15:00:00,10/28/2021 00:00:00,01/01/1900 22:00:00,anon_imo_328,99.0,12.0,0.0,5670.0
807,anon_provisional_1024,anon_buque_1025,anon_imo_329,11/10/2021 00:00:00,01/01/1900 06:00:00,11/12/2021 00:00:00,01/01/1900 13:00:00,anon_imo_329,181.0,25.0,0.0,5950.0
808,anon_provisional_1026,anon_buque_1027,anon_imo_330,11/21/2021 00:00:00,01/01/1900 08:00:00,11/23/2021 00:00:00,01/01/1900 08:00:00,anon_imo_330,180.0,22.0,0.0,9910.0
809,anon_provisional_1028,anon_buque_1029,anon_imo_331,12/02/2021 00:00:00,01/01/1900 00:01:00,12/04/2021 00:00:00,01/01/1900 06:30:00,anon_imo_331,181.0,25460.0,0.0,5950.0
810,anon_provisional_1030,anon_buque_1031,anon_imo_332,12/23/2021 00:00:00,01/01/1900 14:00:00,12/28/2021 00:00:00,01/01/1900 22:00:00,anon_imo_332,118.0,16.0,0.0,6540.0
811,anon_provisional_1032,anon_buque_1033,anon_imo_333,12/31/2021 00:00:00,01/01/1900 05:00:00,01/01/2022 00:00:00,01/01/1900 22:00:00,anon_imo_333,88.0,12.0,0.0,5420.0
812,anon_provisional_1034,anon_buque_1035,anon_imo_334,03/09/2021 00:00:00,01/01/1900 22:00:00,03/12/2021 00:00:00,01/01/1900 08:00:00,anon_imo_334,39.29,10.15,9.0,2.5
